  0
SECTION
  2
HEADER
  9
$ACADVER
  1
AC1027
  9
$ACADMAINTVER
 70
105
  9
$DWGCODEPAGE
  3
ANSI_1252
  9
$LASTSAVEDBY
  1
ezdxf
  9
$REQUIREDVERSIONS
160
0
  9
$INSBASE
 10
0.0
 20
0.0
 30
0.0
  9
$EXTMIN
 10
1e+20
 20
1e+20
 30
1e+20
  9
$EXTMAX
 10
-1e+20
 20
-1e+20
 30
-1e+20
  9
$LIMMIN
 10
0.0
 20
0.0
  9
$LIMMAX
 10
420.0
 20
297.0
  9
$ORTHOMODE
 70
0
  9
$REGENMODE
 70
1
  9
$FILLMODE
 70
1
  9
$QTEXTMODE
 70
0
  9
$MIRRTEXT
 70
1
  9
$LTSCALE
 40
1.0
  9
$ATTMODE
 70
1
  9
$TEXTSIZE
 40
2.5
  9
$TRACEWID
 40
1.0
  9
$TEXTSTYLE
  7
OpenSans
  9
$CLAYER
  8
0
  9
$CELTYPE
  6
ByLayer
  9
$CECOLOR
 62
256
  9
$CELTSCALE
 40
1.0
  9
$DISPSILH
 70
0
  9
$DIMSCALE
 40
1.0
  9
$DIMASZ
 40
0.175
  9
$DIMEXO
 40
0.125
  9
$DIMDLI
 40
3.75
  9
$DIMRND
 40
0.0
  9
$DIMDLE
 40
0.0
  9
$DIMEXE
 40
0.375
  9
$DIMTP
 40
0.0
  9
$DIMTM
 40
0.0
  9
$DIMTXT
 40
0.25
  9
$DIMCEN
 40
2.5
  9
$DIMTSZ
 40
0.0
  9
$DIMTOL
 70
0
  9
$DIMLIM
 70
0
  9
$DIMTIH
 70
0
  9
$DIMTOH
 70
0
  9
$DIMSE1
 70
0
  9
$DIMSE2
 70
0
  9
$DIMTAD
 70
1
  9
$DIMZIN
 70
12
  9
$DIMBLK
  1
ARCHTICK
  9
$DIMASO
 70
1
  9
$DIMSHO
 70
1
  9
$DIMPOST
  1

  9
$DIMAPOST
  1

  9
$DIMALT
 70
0
  9
$DIMALTD
 70
3
  9
$DIMALTF
 40
0.03937007874
  9
$DIMLFAC
 40
100.0
  9
$DIMTOFL
 70
1
  9
$DIMTVP
 40
0.0
  9
$DIMTIX
 70
0
  9
$DIMSOXD
 70
0
  9
$DIMSAH
 70
0
  9
$DIMBLK1
  1

  9
$DIMBLK2
  1

  9
$DIMSTYLE
  2
EZDXF
  9
$DIMCLRD
 70
0
  9
$DIMCLRE
 70
0
  9
$DIMCLRT
 70
0
  9
$DIMTFAC
 40
0.5
  9
$DIMGAP
 40
0.1
  9
$DIMJUST
 70
0
  9
$DIMSD1
 70
0
  9
$DIMSD2
 70
0
  9
$DIMTOLJ
 70
0
  9
$DIMTZIN
 70
8
  9
$DIMALTZ
 70
0
  9
$DIMALTTZ
 70
0
  9
$DIMUPT
 70
1
  9
$DIMDEC
 70
2
  9
$DIMTDEC
 70
2
  9
$DIMALTU
 70
2
  9
$DIMALTTD
 70
3
  9
$DIMTXSTY
  7
OpenSansCondensed-Light
  9
$DIMAUNIT
 70
0
  9
$DIMADEC
 70
2
  9
$DIMALTRND
 40
0.0
  9
$DIMAZIN
 70
3
  9
$DIMDSEP
 70
46
  9
$DIMATFIT
 70
3
  9
$DIMFRAC
 70
0
  9
$DIMLDRBLK
  1

  9
$DIMLUNIT
 70
2
  9
$DIMLWD
 70
-2
  9
$DIMLWE
 70
-2
  9
$DIMTMOVE
 70
2
  9
$DIMFXL
 40
1.0
  9
$DIMFXLON
 70
0
  9
$DIMJOGANG
 40
0.785398163397
  9
$DIMTFILL
 70
0
  9
$DIMTFILLCLR
 70
0
  9
$DIMARCSYM
 70
0
  9
$DIMLTYPE
  6

  9
$DIMLTEX1
  6

  9
$DIMLTEX2
  6

  9
$DIMTXTDIRECTION
 70
0
  9
$LUNITS
 70
2
  9
$LUPREC
 70
4
  9
$SKETCHINC
 40
1.0
  9
$FILLETRAD
 40
10.0
  9
$AUNITS
 70
0
  9
$AUPREC
 70
2
  9
$MENU
  1
.
  9
$ELEVATION
 40
0.0
  9
$PELEVATION
 40
0.0
  9
$THICKNESS
 40
0.0
  9
$LIMCHECK
 70
0
  9
$CHAMFERA
 40
0.0
  9
$CHAMFERB
 40
0.0
  9
$CHAMFERC
 40
0.0
  9
$CHAMFERD
 40
0.0
  9
$SKPOLY
 70
0
  9
$TDCREATE
 40
2461294.298229167
  9
$TDUCREATE
 40
2458532.153996898
  9
$TDUPDATE
 40
2461294.298229167
  9
$TDUUPDATE
 40
2458532.1544311
  9
$TDINDWG
 40
0.0
  9
$TDUSRTIMER
 40
0.0
  9
$USRTIMER
 70
1
  9
$ANGBASE
 50
0.0
  9
$ANGDIR
 70
0
  9
$PDMODE
 70
0
  9
$PDSIZE
 40
0.0
  9
$PLINEWID
 40
0.0
  9
$SPLFRAME
 70
0
  9
$SPLINETYPE
 70
6
  9
$SPLINESEGS
 70
8
  9
$HANDSEED
  5
A8
  9
$SURFTAB1
 70
6
  9
$SURFTAB2
 70
6
  9
$SURFTYPE
 70
6
  9
$SURFU
 70
6
  9
$SURFV
 70
6
  9
$UCSBASE
  2

  9
$UCSNAME
  2

  9
$UCSORG
 10
0.0
 20
0.0
 30
0.0
  9
$UCSXDIR
 10
1.0
 20
0.0
 30
0.0
  9
$UCSYDIR
 10
0.0
 20
1.0
 30
0.0
  9
$UCSORTHOREF
  2

  9
$UCSORTHOVIEW
 70
0
  9
$UCSORGTOP
 10
0.0
 20
0.0
 30
0.0
  9
$UCSORGBOTTOM
 10
0.0
 20
0.0
 30
0.0
  9
$UCSORGLEFT
 10
0.0
 20
0.0
 30
0.0
  9
$UCSORGRIGHT
 10
0.0
 20
0.0
 30
0.0
  9
$UCSORGFRONT
 10
0.0
 20
0.0
 30
0.0
  9
$UCSORGBACK
 10
0.0
 20
0.0
 30
0.0
  9
$PUCSBASE
  2

  9
$PUCSNAME
  2

  9
$PUCSORG
 10
0.0
 20
0.0
 30
0.0
  9
$PUCSXDIR
 10
1.0
 20
0.0
 30
0.0
  9
$PUCSYDIR
 10
0.0
 20
1.0
 30
0.0
  9
$PUCSORTHOREF
  2

  9
$PUCSORTHOVIEW
 70
0
  9
$PUCSORGTOP
 10
0.0
 20
0.0
 30
0.0
  9
$PUCSORGBOTTOM
 10
0.0
 20
0.0
 30
0.0
  9
$PUCSORGLEFT
 10
0.0
 20
0.0
 30
0.0
  9
$PUCSORGRIGHT
 10
0.0
 20
0.0
 30
0.0
  9
$PUCSORGFRONT
 10
0.0
 20
0.0
 30
0.0
  9
$PUCSORGBACK
 10
0.0
 20
0.0
 30
0.0
  9
$USERI1
 70
0
  9
$USERI2
 70
0
  9
$USERI3
 70
0
  9
$USERI4
 70
0
  9
$USERI5
 70
0
  9
$USERR1
 40
0.0
  9
$USERR2
 40
0.0
  9
$USERR3
 40
0.0
  9
$USERR4
 40
0.0
  9
$USERR5
 40
0.0
  9
$WORLDVIEW
 70
1
  9
$SHADEDGE
 70
3
  9
$SHADEDIF
 70
70
  9
$TILEMODE
 70
1
  9
$MAXACTVP
 70
64
  9
$PINSBASE
 10
0.0
 20
0.0
 30
0.0
  9
$PLIMCHECK
 70
0
  9
$PEXTMIN
 10
1e+20
 20
1e+20
 30
1e+20
  9
$PEXTMAX
 10
-1e+20
 20
-1e+20
 30
-1e+20
  9
$PLIMMIN
 10
0.0
 20
0.0
  9
$PLIMMAX
 10
420.0
 20
297.0
  9
$UNITMODE
 70
0
  9
$VISRETAIN
 70
1
  9
$PLINEGEN
 70
0
  9
$PSLTSCALE
 70
1
  9
$TREEDEPTH
 70
3020
  9
$CMLSTYLE
  2
Standard
  9
$CMLJUST
 70
0
  9
$CMLSCALE
 40
20.0
  9
$PROXYGRAPHICS
 70
1
  9
$MEASUREMENT
 70
1
  9
$CELWEIGHT
370
-1
  9
$ENDCAPS
280
0
  9
$JOINSTYLE
280
0
  9
$LWDISPLAY
290
0
  9
$INSUNITS
 70
4
  9
$HYPERLINKBASE
  1

  9
$STYLESHEET
  1

  9
$XEDIT
290
1
  9
$CEPSNTYPE
380
0
  9
$PSTYLEMODE
290
1
  9
$FINGERPRINTGUID
  2
{620A4DA1-861C-4454-9C24-3322ECEB3376}
  9
$VERSIONGUID
  2
{7029B6C8-9B49-4720-A5AD-67EF89184F88}
  9
$EXTNAMES
290
1
  9
$PSVPSCALE
 40
0.0
  9
$OLESTARTUP
290
0
  9
$SORTENTS
280
127
  9
$INDEXCTL
280
0
  9
$HIDETEXT
280
1
  9
$XCLIPFRAME
280
1
  9
$HALOGAP
280
0
  9
$OBSCOLOR
 70
257
  9
$OBSLTYPE
280
0
  9
$INTERSECTIONDISPLAY
280
0
  9
$INTERSECTIONCOLOR
 70
257
  9
$DIMASSOC
280
2
  9
$PROJECTNAME
  1

  9
$CAMERADISPLAY
290
0
  9
$LENSLENGTH
 40
50.0
  9
$CAMERAHEIGHT
 40
0.0
  9
$STEPSPERSEC
 40
24.0
  9
$STEPSIZE
 40
100.0
  9
$3DDWFPREC
 40
2.0
  9
$PSOLWIDTH
 40
0.005
  9
$PSOLHEIGHT
 40
0.08
  9
$LOFTANG1
 40
1.570796326795
  9
$LOFTANG2
 40
1.570796326795
  9
$LOFTMAG1
 40
0.0
  9
$LOFTMAG2
 40
0.0
  9
$LOFTPARAM
 70
7
  9
$LOFTNORMALS
280
1
  9
$LATITUDE
 40
37.795
  9
$LONGITUDE
 40
-122.394
  9
$NORTHDIRECTION
 40
0.0
  9
$TIMEZONE
 70
-8000
  9
$LIGHTGLYPHDISPLAY
280
1
  9
$TILEMODELIGHTSYNCH
280
1
  9
$CMATERIAL
347
20
  9
$SOLIDHIST
280
0
  9
$SHOWHIST
280
1
  9
$DWFFRAME
280
2
  9
$DGNFRAME
280
2
  9
$REALWORLDSCALE
290
1
  9
$INTERFERECOLOR
 62
256
  9
$CSHADOW
280
0
  9
$SHADOWPLANELOCATION
 40
0.0
  0
ENDSEC
  0
SECTION
  2
CLASSES
  0
CLASS
  1
ACDBDICTIONARYWDFLT
  2
AcDbDictionaryWithDefault
  3
ObjectDBX Classes
 90
0
 91
0
280
0
281
0
  0
CLASS
  1
SUN
  2
AcDbSun
  3
SCENEOE
 90
1153
 91
0
280
0
281
0
  0
CLASS
  1
VISUALSTYLE
  2
AcDbVisualStyle
  3
ObjectDBX Classes
 90
4095
 91
0
280
0
281
0
  0
CLASS
  1
MATERIAL
  2
AcDbMaterial
  3
ObjectDBX Classes
 90
1153
 91
0
280
0
281
0
  0
CLASS
  1
SCALE
  2
AcDbScale
  3
ObjectDBX Classes
 90
1153
 91
0
280
0
281
0
  0
CLASS
  1
TABLESTYLE
  2
AcDbTableStyle
  3
ObjectDBX Classes
 90
4095
 91
0
280
0
281
0
  0
CLASS
  1
MLEADERSTYLE
  2
AcDbMLeaderStyle
  3
ACDB_MLEADERSTYLE_CLASS
 90
4095
 91
0
280
0
281
0
  0
CLASS
  1
DICTIONARYVAR
  2
AcDbDictionaryVar
  3
ObjectDBX Classes
 90
0
 91
0
280
0
281
0
  0
CLASS
  1
CELLSTYLEMAP
  2
AcDbCellStyleMap
  3
ObjectDBX Classes
 90
1152
 91
0
280
0
281
0
  0
CLASS
  1
MENTALRAYRENDERSETTINGS
  2
AcDbMentalRayRenderSettings
  3
SCENEOE
 90
1024
 91
0
280
0
281
0
  0
CLASS
  1
ACDBDETAILVIEWSTYLE
  2
AcDbDetailViewStyle
  3
ObjectDBX Classes
 90
1025
 91
0
280
0
281
0
  0
CLASS
  1
ACDBSECTIONVIEWSTYLE
  2
AcDbSectionViewStyle
  3
ObjectDBX Classes
 90
1025
 91
0
280
0
281
0
  0
CLASS
  1
RASTERVARIABLES
  2
AcDbRasterVariables
  3
ISM
 90
0
 91
0
280
0
281
0
  0
CLASS
  1
LAYOUT
  2
AcDbLayout
  3
ObjectDBX Classes
 90
0
 91
0
280
0
281
0
  0
CLASS
  1
ACDBPLACEHOLDER
  2
AcDbPlaceHolder
  3
ObjectDBX Classes
 90
0
 91
0
280
0
281
0
  0
ENDSEC
  0
SECTION
  2
TABLES
  0
TABLE
  2
VPORT
  5
8
330
0
100
AcDbSymbolTable
 70
1
  0
VPORT
  5
23
330
8
100
AcDbSymbolTableRecord
100
AcDbViewportTableRecord
  2
*Active
 70
0
 10
0.0
 20
0.0
 11
1.0
 21
1.0
 12
0.0
 22
0.0
 13
0.0
 23
0.0
 14
0.5
 24
0.5
 15
0.5
 25
0.5
 16
0.0
 26
0.0
 36
1.0
 17
0.0
 27
0.0
 37
0.0
 40
1000.0
 41
1.34
 42
50.0
 43
0.0
 44
0.0
 50
0.0
 51
0.0
 71
0
 72
1000
 73
1
 74
3
 75
0
 76
0
 77
0
 78
0
281
0
 65
0
146
0.0
  0
ENDTAB
  0
TABLE
  2
LTYPE
  5
2
330
0
100
AcDbSymbolTable
 70
21
  0
LTYPE
  5
24
330
2
100
AcDbSymbolTableRecord
100
AcDbLinetypeTableRecord
  2
ByBlock
 70
0
  3

 72
65
 73
0
 40
0.0
  0
LTYPE
  5
25
330
2
100
AcDbSymbolTableRecord
100
AcDbLinetypeTableRecord
  2
ByLayer
 70
0
  3

 72
65
 73
0
 40
0.0
  0
LTYPE
  5
26
330
2
100
AcDbSymbolTableRecord
100
AcDbLinetypeTableRecord
  2
Continuous
 70
0
  3

 72
65
 73
0
 40
0.0
  0
LTYPE
  5
2F
330
2
100
AcDbSymbolTableRecord
100
AcDbLinetypeTableRecord
  2
CENTER
 70
0
  3
Center ____ _ ____ _ ____ _ ____ _ ____ _ ____
 72
65
 73
4
 40
5.08
 49
3.175
 74
0
 49
-0.635
 74
0
 49
0.635
 74
0
 49
-0.635
 74
0
  0
LTYPE
  5
30
330
2
100
AcDbSymbolTableRecord
100
AcDbLinetypeTableRecord
  2
CENTERX2
 70
0
  3
Center (2x) ________  __  ________  __  ________
 72
65
 73
4
 40
8.89
 49
6.35
 74
0
 49
-0.635
 74
0
 49
1.27
 74
0
 49
-0.635
 74
0
  0
LTYPE
  5
31
330
2
100
AcDbSymbolTableRecord
100
AcDbLinetypeTableRecord
  2
CENTER2
 70
0
  3
Center (.5x) ____ _ ____ _ ____ _ ____ _ ____
 72
65
 73
4
 40
2.54
 49
1.587
 74
0
 49
-0.318
 74
0
 49
0.318
 74
0
 49
-0.318
 74
0
  0
LTYPE
  5
32
330
2
100
AcDbSymbolTableRecord
100
AcDbLinetypeTableRecord
  2
DASHED
 70
0
  3
Dashed __ __ __ __ __ __ __ __ __ __ __ __ __ _
 72
65
 73
2
 40
1.524
 49
1.27
 74
0
 49
-0.254
 74
0
  0
LTYPE
  5
33
330
2
100
AcDbSymbolTableRecord
100
AcDbLinetypeTableRecord
  2
DASHEDX2
 70
0
  3
Dashed (2x) ____  ____  ____  ____  ____  ____
 72
65
 73
2
 40
3.048
 49
2.54
 74
0
 49
-0.508
 74
0
  0
LTYPE
  5
34
330
2
100
AcDbSymbolTableRecord
100
AcDbLinetypeTableRecord
  2
DASHED2
 70
0
  3
Dashed (.5x) _ _ _ _ _ _ _ _ _ _ _ _ _ _
 72
65
 73
2
 40
0.762
 49
0.635
 74
0
 49
-0.127
 74
0
  0
LTYPE
  5
35
330
2
100
AcDbSymbolTableRecord
100
AcDbLinetypeTableRecord
  2
PHANTOM
 70
0
  3
Phantom ______  __  __  ______  __  __  ______
 72
65
 73
6
 40
6.35
 49
3.175
 74
0
 49
-0.635
 74
0
 49
0.635
 74
0
 49
-0.635
 74
0
 49
0.635
 74
0
 49
-0.635
 74
0
  0
LTYPE
  5
36
330
2
100
AcDbSymbolTableRecord
100
AcDbLinetypeTableRecord
  2
PHANTOMX2
 70
0
  3
Phantom (2x)____________    ____    ____    ____________
 72
65
 73
6
 40
10.795
 49
6.35
 74
0
 49
-0.635
 74
0
 49
1.27
 74
0
 49
-0.635
 74
0
 49
1.27
 74
0
 49
-0.635
 74
0
  0
LTYPE
  5
37
330
2
100
AcDbSymbolTableRecord
100
AcDbLinetypeTableRecord
  2
PHANTOM2
 70
0
  3
Phantom (.5x) ___ _ _ ___ _ _ ___ _ _ ___ _ _ ___
 72
65
 73
6
 40
3.175
 49
1.587
 74
0
 49
-0.318
 74
0
 49
0.318
 74
0
 49
-0.318
 74
0
 49
0.318
 74
0
 49
-0.318
 74
0
  0
LTYPE
  5
38
330
2
100
AcDbSymbolTableRecord
100
AcDbLinetypeTableRecord
  2
DASHDOT
 70
0
  3
Dash dot __ . __ . __ . __ . __ . __ . __ . __
 72
65
 73
4
 40
3.556
 49
2.54
 74
0
 49
-0.508
 74
0
 49
0.0
 74
0
 49
-0.508
 74
0
  0
LTYPE
  5
39
330
2
100
AcDbSymbolTableRecord
100
AcDbLinetypeTableRecord
  2
DASHDOTX2
 70
0
  3
Dash dot (2x) ____  .  ____  .  ____  .  ____
 72
65
 73
4
 40
6.096
 49
5.08
 74
0
 49
-0.508
 74
0
 49
0.0
 74
0
 49
-0.508
 74
0
  0
LTYPE
  5
3A
330
2
100
AcDbSymbolTableRecord
100
AcDbLinetypeTableRecord
  2
DASHDOT2
 70
0
  3
Dash dot (.5x) _ . _ . _ . _ . _ . _ . _ . _
 72
65
 73
4
 40
1.778
 49
1.27
 74
0
 49
-0.254
 74
0
 49
0.0
 74
0
 49
-0.254
 74
0
  0
LTYPE
  5
3B
330
2
100
AcDbSymbolTableRecord
100
AcDbLinetypeTableRecord
  2
DOT
 70
0
  3
Dot .  .  .  .  .  .  .  .  .  .  .  .  .  .  .  .
 72
65
 73
2
 40
0.508
 49
0.0
 74
0
 49
-0.508
 74
0
  0
LTYPE
  5
3C
330
2
100
AcDbSymbolTableRecord
100
AcDbLinetypeTableRecord
  2
DOTX2
 70
0
  3
Dot (2x) .    .    .    .    .    .    .    . 
 72
65
 73
2
 40
1.016
 49
0.0
 74
0
 49
-1.016
 74
0
  0
LTYPE
  5
3D
330
2
100
AcDbSymbolTableRecord
100
AcDbLinetypeTableRecord
  2
DOT2
 70
0
  3
Dot (.5) . . . . . . . . . . . . . . . . . . . 
 72
65
 73
2
 40
0.254
 49
0.0
 74
0
 49
-0.254
 74
0
  0
LTYPE
  5
3E
330
2
100
AcDbSymbolTableRecord
100
AcDbLinetypeTableRecord
  2
DIVIDE
 70
0
  3
Divide __ . . __ . . __ . . __ . . __ . . __
 72
65
 73
6
 40
4.064
 49
2.54
 74
0
 49
-0.508
 74
0
 49
0.0
 74
0
 49
-0.508
 74
0
 49
0.0
 74
0
 49
-0.508
 74
0
  0
LTYPE
  5
3F
330
2
100
AcDbSymbolTableRecord
100
AcDbLinetypeTableRecord
  2
DIVIDEX2
 70
0
  3
Divide (2x) ____  . .  ____  . .  ____  . .  ____
 72
65
 73
6
 40
6.604
 49
5.08
 74
0
 49
-0.508
 74
0
 49
0.0
 74
0
 49
-0.508
 74
0
 49
0.0
 74
0
 49
-0.508
 74
0
  0
LTYPE
  5
40
330
2
100
AcDbSymbolTableRecord
100
AcDbLinetypeTableRecord
  2
DIVIDE2
 70
0
  3
Divide(.5x) _ . _ . _ . _ . _ . _ . _ . _
 72
65
 73
6
 40
2.032
 49
1.27
 74
0
 49
-0.254
 74
0
 49
0.0
 74
0
 49
-0.254
 74
0
 49
0.0
 74
0
 49
-0.254
 74
0
  0
ENDTAB
  0
TABLE
  2
LAYER
  5
1
330
0
100
AcDbSymbolTable
 70
2
  0
LAYER
  5
27
330
1
100
AcDbSymbolTableRecord
100
AcDbLayerTableRecord
  2
0
 70
0
 62
7
  6
Continuous
370
-3
390
13
347
21
  0
LAYER
  5
28
330
1
100
AcDbSymbolTableRecord
100
AcDbLayerTableRecord
  2
Defpoints
 70
0
 62
7
  6
Continuous
290
0
370
-3
390
13
347
21
  0
ENDTAB
  0
TABLE
  2
STYLE
  5
5
330
0
100
AcDbSymbolTable
 70
26
  0
STYLE
  5
29
330
5
100
AcDbSymbolTableRecord
100
AcDbTextStyleTableRecord
  2
Standard
 70
0
 40
0.0
 41
1.0
 50
0.0
 71
0
 42
2.5
  3
txt
  4

  0
STYLE
  5
41
330
5
100
AcDbSymbolTableRecord
100
AcDbTextStyleTableRecord
  2
OpenSans-Light
 70
0
 40
0.0
 41
1.0
 50
0.0
 71
0
 42
2.5
  3
OpenSans-Light.ttf
  4

  0
STYLE
  5
42
330
5
100
AcDbSymbolTableRecord
100
AcDbTextStyleTableRecord
  2
OpenSans-Light-Italic
 70
0
 40
0.0
 41
1.0
 50
0.0
 71
0
 42
2.5
  3
OpenSans-LightItalic.ttf
  4

  0
STYLE
  5
43
330
5
100
AcDbSymbolTableRecord
100
AcDbTextStyleTableRecord
  2
OpenSans
 70
0
 40
0.0
 41
1.0
 50
0.0
 71
0
 42
2.5
  3
OpenSans-Regular.ttf
  4

  0
STYLE
  5
44
330
5
100
AcDbSymbolTableRecord
100
AcDbTextStyleTableRecord
  2
OpenSans-Italic
 70
0
 40
0.0
 41
1.0
 50
0.0
 71
0
 42
2.5
  3
OpenSans-Italic.ttf
  4

  0
STYLE
  5
45
330
5
100
AcDbSymbolTableRecord
100
AcDbTextStyleTableRecord
  2
OpenSans-SemiBold
 70
0
 40
0.0
 41
1.0
 50
0.0
 71
0
 42
2.5
  3
OpenSans-SemiBold.ttf
  4

  0
STYLE
  5
46
330
5
100
AcDbSymbolTableRecord
100
AcDbTextStyleTableRecord
  2
OpenSans-SemiBoldItalic
 70
0
 40
0.0
 41
1.0
 50
0.0
 71
0
 42
2.5
  3
OpenSans-SemiBoldItalic.ttf
  4

  0
STYLE
  5
47
330
5
100
AcDbSymbolTableRecord
100
AcDbTextStyleTableRecord
  2
OpenSans-Bold
 70
0
 40
0.0
 41
1.0
 50
0.0
 71
0
 42
2.5
  3
OpenSans-Bold.ttf
  4

  0
STYLE
  5
48
330
5
100
AcDbSymbolTableRecord
100
AcDbTextStyleTableRecord
  2
OpenSans-BoldItalic
 70
0
 40
0.0
 41
1.0
 50
0.0
 71
0
 42
2.5
  3
OpenSans-BoldItalic.ttf
  4

  0
STYLE
  5
49
330
5
100
AcDbSymbolTableRecord
100
AcDbTextStyleTableRecord
  2
OpenSans-ExtraBold
 70
0
 40
0.0
 41
1.0
 50
0.0
 71
0
 42
2.5
  3
OpenSans-ExtraBold.ttf
  4

  0
STYLE
  5
4A
330
5
100
AcDbSymbolTableRecord
100
AcDbTextStyleTableRecord
  2
OpenSans-ExtraBoldItalic
 70
0
 40
0.0
 41
1.0
 50
0.0
 71
0
 42
2.5
  3
OpenSans-ExtraBoldItalic.ttf
  4

  0
STYLE
  5
4B
330
5
100
AcDbSymbolTableRecord
100
AcDbTextStyleTableRecord
  2
OpenSansCondensed-Bold
 70
0
 40
0.0
 41
1.0
 50
0.0
 71
0
 42
2.5
  3
OpenSansCondensed-Bold.ttf
  4

  0
STYLE
  5
4C
330
5
100
AcDbSymbolTableRecord
100
AcDbTextStyleTableRecord
  2
OpenSansCondensed-Light
 70
0
 40
0.0
 41
1.0
 50
0.0
 71
0
 42
2.5
  3
OpenSansCondensed-Light.ttf
  4

  0
STYLE
  5
4D
330
5
100
AcDbSymbolTableRecord
100
AcDbTextStyleTableRecord
  2
OpenSansCondensed-Italic
 70
0
 40
0.0
 41
1.0
 50
0.0
 71
0
 42
2.5
  3
OpenSansCondensed-LightItalic.ttf
  4

  0
STYLE
  5
4E
330
5
100
AcDbSymbolTableRecord
100
AcDbTextStyleTableRecord
  2
LiberationSans
 70
0
 40
0.0
 41
1.0
 50
0.0
 71
0
 42
2.5
  3
LiberationSans-Regular.ttf
  4

  0
STYLE
  5
4F
330
5
100
AcDbSymbolTableRecord
100
AcDbTextStyleTableRecord
  2
LiberationSans-Bold
 70
0
 40
0.0
 41
1.0
 50
0.0
 71
0
 42
2.5
  3
LiberationSans-Bold.ttf
  4

  0
STYLE
  5
50
330
5
100
AcDbSymbolTableRecord
100
AcDbTextStyleTableRecord
  2
LiberationSans-BoldItalic
 70
0
 40
0.0
 41
1.0
 50
0.0
 71
0
 42
2.5
  3
LiberationSans-BoldItalic.ttf
  4

  0
STYLE
  5
51
330
5
100
AcDbSymbolTableRecord
100
AcDbTextStyleTableRecord
  2
LiberationSans-Italic
 70
0
 40
0.0
 41
1.0
 50
0.0
 71
0
 42
2.5
  3
LiberationSans-Italic.ttf
  4

  0
STYLE
  5
52
330
5
100
AcDbSymbolTableRecord
100
AcDbTextStyleTableRecord
  2
LiberationSerif
 70
0
 40
0.0
 41
1.0
 50
0.0
 71
0
 42
2.5
  3
LiberationSerif-Regular.ttf
  4

  0
STYLE
  5
53
330
5
100
AcDbSymbolTableRecord
100
AcDbTextStyleTableRecord
  2
LiberationSerif-Bold
 70
0
 40
0.0
 41
1.0
 50
0.0
 71
0
 42
2.5
  3
LiberationSerif-Bold.ttf
  4

  0
STYLE
  5
54
330
5
100
AcDbSymbolTableRecord
100
AcDbTextStyleTableRecord
  2
LiberationSerif-BoldItalic
 70
0
 40
0.0
 41
1.0
 50
0.0
 71
0
 42
2.5
  3
LiberationSerif-BoldItalic.ttf
  4

  0
STYLE
  5
55
330
5
100
AcDbSymbolTableRecord
100
AcDbTextStyleTableRecord
  2
LiberationSerif-Italic
 70
0
 40
0.0
 41
1.0
 50
0.0
 71
0
 42
2.5
  3
LiberationSerif-Italic.ttf
  4

  0
STYLE
  5
56
330
5
100
AcDbSymbolTableRecord
100
AcDbTextStyleTableRecord
  2
LiberationMono
 70
0
 40
0.0
 41
1.0
 50
0.0
 71
0
 42
2.5
  3
LiberationMono-Regular.ttf
  4

  0
STYLE
  5
57
330
5
100
AcDbSymbolTableRecord
100
AcDbTextStyleTableRecord
  2
LiberationMono-Bold
 70
0
 40
0.0
 41
1.0
 50
0.0
 71
0
 42
2.5
  3
LiberationMono-Bold.ttf
  4

  0
STYLE
  5
58
330
5
100
AcDbSymbolTableRecord
100
AcDbTextStyleTableRecord
  2
LiberationMono-BoldItalic
 70
0
 40
0.0
 41
1.0
 50
0.0
 71
0
 42
2.5
  3
LiberationMono-BoldItalic.ttf
  4

  0
STYLE
  5
59
330
5
100
AcDbSymbolTableRecord
100
AcDbTextStyleTableRecord
  2
LiberationMono-Italic
 70
0
 40
0.0
 41
1.0
 50
0.0
 71
0
 42
2.5
  3
LiberationMono-Italic.ttf
  4

  0
ENDTAB
  0
TABLE
  2
VIEW
  5
7
330
0
100
AcDbSymbolTable
 70
0
  0
ENDTAB
  0
TABLE
  2
UCS
  5
6
330
0
100
AcDbSymbolTable
 70
0
  0
ENDTAB
  0
TABLE
  2
APPID
  5
3
330
0
100
AcDbSymbolTable
 70
3
  0
APPID
  5
2A
330
3
100
AcDbSymbolTableRecord
100
AcDbRegAppTableRecord
  2
ACAD
 70
0
  0
APPID
  5
A5
330
3
100
AcDbSymbolTableRecord
100
AcDbRegAppTableRecord
  2
HATCHBACKGROUNDCOLOR
 70
0
  0
APPID
  5
A6
330
3
100
AcDbSymbolTableRecord
100
AcDbRegAppTableRecord
  2
EZDXF
 70
0
  0
ENDTAB
  0
TABLE
  2
DIMSTYLE
  5
4
330
0
100
AcDbSymbolTable
 70
12
100
AcDbDimStyleTable
  0
DIMSTYLE
105
2B
330
4
100
AcDbSymbolTableRecord
100
AcDbDimStyleTableRecord
  2
Standard
 70
0
 40
1.0
 41
2.5
 42
0.625
 43
3.75
 44
1.25
 45
0.0
 46
0.0
 47
0.0
 48
0.0
 49
2.5
140
2.5
141
2.5
142
0.0
143
0.03937007874
144
1.0
145
0.0
146
1.0
147
0.625
148
0.0
 69
0
 70
0
 71
0
 72
0
 73
0
 74
0
 75
0
 76
0
 77
1
 78
8
 79
3
170
0
171
3
172
1
173
0
174
0
175
0
176
0
177
0
178
0
179
2
271
2
272
2
273
2
274
3
275
0
276
0
277
2
278
44
279
0
280
0
281
0
282
0
283
0
284
8
285
0
286
0
288
0
289
3
290
0
371
-2
372
-2
  0
DIMSTYLE
105
73
330
4
100
AcDbSymbolTableRecord
100
AcDbDimStyleTableRecord
  2
EZDXF
 70
0
 40
1.0
 41
0.175
 42
0.125
 43
3.75
 44
0.375
 45
0.0
 46
0.0
 47
0.0
 48
0.0
 49
2.5
140
0.25
141
2.5
142
0.0
143
0.03937007874
144
100.0
145
0.0
146
0.5
147
0.1
148
0.0
 69
0
 70
0
 71
0
 72
0
 73
0
 74
0
 75
0
 76
0
 77
1
 78
12
 79
3
170
0
171
3
172
1
173
0
174
0
175
0
176
0
177
0
178
0
179
2
271
2
272
2
273
2
274
3
275
0
276
0
277
2
278
46
279
2
280
0
281
0
282
0
283
0
284
8
285
0
286
0
288
1
289
3
290
0
340
4C
342
74
371
-2
372
-2
  0
DIMSTYLE
105
7C
330
4
100
AcDbSymbolTableRecord
100
AcDbDimStyleTableRecord
  2
EZ_M_100_H25_CM
 70
0
 40
1.0
 41
0.25
 42
0.125
 43
3.75
 44
0.375
 45
0.0
 46
0.0
 47
0.0
 48
0.0
 49
2.5
140
0.25
141
2.5
142
0.125
143
0.03937007874
144
100.0
145
0.0
146
0.5
147
0.1
148
0.0
 69
0
 70
0
 71
0
 72
0
 73
0
 74
0
 75
0
 76
0
 77
1
 78
12
 79
3
170
0
171
3
172
1
173
0
174
0
175
0
176
0
177
0
178
0
179
2
271
2
272
2
273
2
274
3
275
0
276
0
277
2
278
46
279
2
280
0
281
0
282
0
283
0
284
8
285
0
286
0
288
1
289
3
290
0
340
4C
371
-2
372
-2
  0
DIMSTYLE
105
7D
330
4
100
AcDbSymbolTableRecord
100
AcDbDimStyleTableRecord
  2
EZ_M_50_H25_CM
 70
0
 40
1.0
 41
0.125
 42
0.0625
 43
3.75
 44
0.1875
 45
0.0
 46
0.0
 47
0.0
 48
0.0
 49
2.5
140
0.125
141
2.5
142
0.0625
143
0.03937007874
144
100.0
145
0.0
146
0.5
147
0.05
148
0.0
 69
0
 70
0
 71
0
 72
0
 73
0
 74
0
 75
0
 76
0
 77
1
 78
12
 79
3
170
0
171
3
172
1
173
0
174
0
175
0
176
0
177
0
178
0
179
2
271
2
272
2
273
2
274
3
275
0
276
0
277
2
278
46
279
2
280
0
281
0
282
0
283
0
284
8
285
0
286
0
288
1
289
3
290
0
340
4C
371
-2
372
-2
  0
DIMSTYLE
105
7E
330
4
100
AcDbSymbolTableRecord
100
AcDbDimStyleTableRecord
  2
EZ_M_25_H25_CM
 70
0
 40
1.0
 41
0.0625
 42
0.03125
 43
3.75
 44
0.09375
 45
0.0
 46
0.0
 47
0.0
 48
0.0
 49
2.5
140
0.0625
141
2.5
142
0.03125
143
0.03937007874
144
100.0
145
0.0
146
0.5
147
0.025
148
0.0
 69
0
 70
0
 71
0
 72
0
 73
0
 74
0
 75
0
 76
0
 77
1
 78
12
 79
3
170
0
171
3
172
1
173
0
174
0
175
0
176
0
177
0
178
0
179
2
271
2
272
2
273
2
274
3
275
0
276
0
277
2
278
46
279
2
280
0
281
0
282
0
283
0
284
8
285
0
286
0
288
1
289
3
290
0
340
4C
371
-2
372
-2
  0
DIMSTYLE
105
7F
330
4
100
AcDbSymbolTableRecord
100
AcDbDimStyleTableRecord
  2
EZ_M_20_H25_CM
 70
0
 40
1.0
 41
0.05
 42
0.025
 43
3.75
 44
0.07500000000000001
 45
0.0
 46
0.0
 47
0.0
 48
0.0
 49
2.5
140
0.05
141
2.5
142
0.025
143
0.03937007874
144
100.0
145
0.0
146
0.5
147
0.020000000000000004
148
0.0
 69
0
 70
0
 71
0
 72
0
 73
0
 74
0
 75
0
 76
0
 77
1
 78
12
 79
3
170
0
171
3
172
1
173
0
174
0
175
0
176
0
177
0
178
0
179
2
271
2
272
2
273
2
274
3
275
0
276
0
277
2
278
46
279
2
280
0
281
0
282
0
283
0
284
8
285
0
286
0
288
1
289
3
290
0
340
4C
371
-2
372
-2
  0
DIMSTYLE
105
80
330
4
100
AcDbSymbolTableRecord
100
AcDbDimStyleTableRecord
  2
EZ_M_10_H25_CM
 70
0
 40
1.0
 41
0.025
 42
0.0125
 43
3.75
 44
0.037500000000000006
 45
0.0
 46
0.0
 47
0.0
 48
0.0
 49
2.5
140
0.025
141
2.5
142
0.0125
143
0.03937007874
144
100.0
145
0.0
146
0.5
147
0.010000000000000002
148
0.0
 69
0
 70
0
 71
0
 72
0
 73
0
 74
0
 75
0
 76
0
 77
1
 78
12
 79
3
170
0
171
3
172
1
173
0
174
0
175
0
176
0
177
0
178
0
179
2
271
2
272
2
273
2
274
3
275
0
276
0
277
2
278
46
279
2
280
0
281
0
282
0
283
0
284
8
285
0
286
0
288
1
289
3
290
0
340
4C
371
-2
372
-2
  0
DIMSTYLE
105
81
330
4
100
AcDbSymbolTableRecord
100
AcDbDimStyleTableRecord
  2
EZ_M_5_H25_CM
 70
0
 40
1.0
 41
0.0125
 42
0.00625
 43
3.75
 44
0.018750000000000003
 45
0.0
 46
0.0
 47
0.0
 48
0.0
 49
2.5
140
0.0125
141
2.5
142
0.00625
143
0.03937007874
144
100.0
145
0.0
146
0.5
147
0.005000000000000001
148
0.0
 69
0
 70
0
 71
0
 72
0
 73
0
 74
0
 75
0
 76
0
 77
1
 78
12
 79
3
170
0
171
3
172
1
173
0
174
0
175
0
176
0
177
0
178
0
179
2
271
2
272
2
273
2
274
3
275
0
276
0
277
2
278
46
279
2
280
0
281
0
282
0
283
0
284
8
285
0
286
0
288
1
289
3
290
0
340
4C
371
-2
372
-2
  0
DIMSTYLE
105
82
330
4
100
AcDbSymbolTableRecord
100
AcDbDimStyleTableRecord
  2
EZ_M_1_H25_CM
 70
0
 40
1.0
 41
0.0025
 42
0.00125
 43
3.75
 44
0.00375
 45
0.0
 46
0.0
 47
0.0
 48
0.0
 49
2.5
140
0.0025
141
2.5
142
0.00125
143
0.03937007874
144
100.0
145
0.0
146
0.5
147
0.001
148
0.0
 69
0
 70
0
 71
0
 72
0
 73
0
 74
0
 75
0
 76
0
 77
1
 78
12
 79
3
170
0
171
3
172
1
173
0
174
0
175
0
176
0
177
0
178
0
179
2
271
2
272
2
273
2
274
3
275
0
276
0
277
2
278
46
279
2
280
0
281
0
282
0
283
0
284
8
285
0
286
0
288
1
289
3
290
0
340
4C
371
-2
372
-2
  0
DIMSTYLE
105
83
330
4
100
AcDbSymbolTableRecord
100
AcDbDimStyleTableRecord
  2
EZ_RADIUS
 70
0
 40
1.0
 41
0.25
 42
0.125
 43
3.75
 44
0.375
 45
0.0
 46
0.0
 47
0.0
 48
0.0
 49
2.5
140
0.25
141
0.0
142
0.0
143
0.03937007874
144
100.0
145
0.0
146
0.5
147
0.1
148
0.0
 69
0
 70
0
 71
0
 72
0
 73
0
 74
0
 75
0
 76
0
 77
1
 78
12
 79
3
170
0
171
3
172
0
173
0
174
0
175
0
176
0
177
0
178
0
179
2
271
2
272
2
273
2
274
3
275
0
276
0
277
2
278
46
279
1
280
0
281
0
282
0
283
0
284
8
285
0
286
0
288
1
289
3
290
0
340
4C
342
84
371
-2
372
-2
  0
DIMSTYLE
105
88
330
4
100
AcDbSymbolTableRecord
100
AcDbDimStyleTableRecord
  2
EZ_RADIUS_INSIDE
 70
0
 40
1.0
 41
0.25
 42
0.125
 43
3.75
 44
0.375
 45
0.0
 46
0.0
 47
0.0
 48
0.0
 49
2.5
140
0.25
141
0.0
142
0.0
143
0.03937007874
144
100.0
145
0.0
146
0.5
147
0.1
148
0.0
 69
0
 70
0
 71
0
 72
0
 73
0
 74
0
 75
0
 76
0
 77
0
 78
12
 79
3
170
0
171
3
172
0
173
0
174
1
175
0
176
0
177
0
178
0
179
2
271
2
272
2
273
2
274
3
275
0
276
0
277
2
278
46
279
0
280
0
281
0
282
0
283
0
284
8
285
0
286
0
288
1
289
0
290
0
340
4C
342
84
371
-2
372
-2
  0
DIMSTYLE
105
89
330
4
100
AcDbSymbolTableRecord
100
AcDbDimStyleTableRecord
  2
EZ_CURVED
 70
0
 40
1.0
 41
0.25
 42
0.125
 43
3.75
 44
0.375
 45
0.0
 46
0.0
 47
0.0
 48
0.0
 49
2.5
140
0.25
141
2.5
142
0.0
143
0.03937007874
144
100.0
145
0.0
146
0.5
147
0.1
148
0.0
 69
0
 70
0
 71
0
 72
0
 73
0
 74
0
 75
0
 76
0
 77
1
 78
12
 79
2
 90
2
170
0
171
3
172
1
173
0
174
0
175
0
176
0
177
0
178
0
179
2
271
2
272
2
273
2
274
3
275
0
276
0
277
2
278
46
279
2
280
0
281
0
282
0
283
0
284
8
285
0
286
0
288
1
289
3
290
0
340
4C
371
-2
372
-2
  0
ENDTAB
  0
TABLE
  2
BLOCK_RECORD
  5
9
330
0
100
AcDbSymbolTable
 70
5
  0
BLOCK_RECORD
  5
17
330
9
100
AcDbSymbolTableRecord
100
AcDbBlockTableRecord
  2
*Model_Space
340
1A
 70
0
280
1
281
0
  0
BLOCK_RECORD
  5
1B
330
9
100
AcDbSymbolTableRecord
100
AcDbBlockTableRecord
  2
*Paper_Space
340
1E
 70
0
280
1
281
0
  0
BLOCK_RECORD
  5
74
330
9
100
AcDbSymbolTableRecord
100
AcDbBlockTableRecord
  2
_ARCHTICK
340
0
 70
0
280
1
281
0
  0
BLOCK_RECORD
  5
78
330
9
100
AcDbSymbolTableRecord
100
AcDbBlockTableRecord
  2
_CLOSEDFILLED
340
0
 70
0
280
1
281
0
  0
BLOCK_RECORD
  5
84
330
9
100
AcDbSymbolTableRecord
100
AcDbBlockTableRecord
  2
_CLOSEDBLANK
340
0
 70
0
280
1
281
0
  0
ENDTAB
  0
ENDSEC
  0
SECTION
  2
BLOCKS
  0
BLOCK
  5
18
330
17
100
AcDbEntity
  8
0
100
AcDbBlockBegin
  2
*Model_Space
 70
0
 10
0.0
 20
0.0
 30
0.0
  3
*Model_Space
  1

  0
ENDBLK
  5
19
330
17
100
AcDbEntity
  8
0
100
AcDbBlockEnd
  0
BLOCK
  5
1C
330
1B
100
AcDbEntity
  8
0
100
AcDbBlockBegin
  2
*Paper_Space
 70
0
 10
0.0
 20
0.0
 30
0.0
  3
*Paper_Space
  1

  0
ENDBLK
  5
1D
330
1B
100
AcDbEntity
  8
0
100
AcDbBlockEnd
  0
BLOCK
  5
75
330
74
100
AcDbEntity
  8
0
100
AcDbBlockBegin
  2
_ARCHTICK
 70
0
 10
0.0
 20
0.0
 30
0.0
  3
_ARCHTICK
  1

  0
LWPOLYLINE
  5
77
330
74
100
AcDbEntity
  8
0
  6
BYBLOCK
 62
0
100
AcDbPolyline
 90
2
 70
0
 43
0.15
 10
-0.5
 20
-0.5
 10
0.5
 20
0.5
  0
ENDBLK
  5
76
330
74
100
AcDbEntity
  8
0
100
AcDbBlockEnd
  0
BLOCK
  5
79
330
78
100
AcDbEntity
  8
0
100
AcDbBlockBegin
  2
_CLOSEDFILLED
 70
0
 10
0.0
 20
0.0
 30
0.0
  3
_CLOSEDFILLED
  1

  0
SOLID
  5
7B
330
78
100
AcDbEntity
  8
0
  6
BYBLOCK
 62
0
100
AcDbTrace
 10
-1.0
 20
0.16439898372402537
 30
0.0
 11
0.0
 21
0.0
 31
0.0
 12
-1.0
 22
-0.16439898372402537
 32
0.0
 13
-1.0
 23
-0.16439898372402537
 33
0.0
  0
ENDBLK
  5
7A
330
78
100
AcDbEntity
  8
0
100
AcDbBlockEnd
  0
BLOCK
  5
85
330
84
100
AcDbEntity
  8
0
100
AcDbBlockBegin
  2
_CLOSEDBLANK
 70
0
 10
0.0
 20
0.0
 30
0.0
  3
_CLOSEDBLANK
  1

  0
LWPOLYLINE
  5
87
330
84
100
AcDbEntity
  8
0
  6
BYBLOCK
 62
0
100
AcDbPolyline
 90
3
 70
1
 10
-1.0
 20
0.16439898372402537
 10
0.0
 20
0.0
 10
-1.0
 20
-0.16439898372402537
  0
ENDBLK
  5
86
330
84
100
AcDbEntity
  8
0
100
AcDbBlockEnd
  0
ENDSEC
  0
SECTION
  2
ENTITIES
  0
LWPOLYLINE
  5
8A
330
17
100
AcDbEntity
  8
0
100
AcDbPolyline
 90
908
 70
1
 10
588.0
 20
-61.0
 10
584.1428571428571
 20
-61.42857142857143
 10
580.2857142857143
 20
-61.857142857142854
 10
576.4285714285714
 20
-62.285714285714285
 10
572.5714285714286
 20
-62.714285714285715
 10
568.7142857142857
 20
-63.142857142857146
 10
564.8571428571429
 20
-63.57142857142857
 10
561.0
 20
-64.0
 10
557.1428571428571
 20
-64.42857142857143
 10
553.2857142857143
 20
-64.85714285714286
 10
549.4285714285714
 20
-65.28571428571429
 10
545.5714285714286
 20
-65.71428571428571
 10
541.7142857142857
 20
-66.14285714285714
 10
537.8571428571429
 20
-66.57142857142857
 10
534.0
 20
-67.0
 10
530.3333333333334
 20
-67.75
 10
526.6666666666666
 20
-68.5
 10
523.0
 20
-69.25
 10
519.3333333333334
 20
-70.0
 10
515.6666666666666
 20
-70.75
 10
512.0
 20
-71.5
 10
508.3333333333333
 20
-72.25
 10
504.6666666666667
 20
-73.0
 10
501.0
 20
-73.75
 10
497.3333333333333
 20
-74.5
 10
493.6666666666667
 20
-75.25
 10
490.0
 20
-76.0
 10
486.2307692307692
 20
-77.15384615384616
 10
482.46153846153845
 20
-78.3076923076923
 10
478.6923076923077
 20
-79.46153846153847
 10
474.9230769230769
 20
-80.61538461538461
 10
471.15384615384613
 20
-81.76923076923077
 10
467.38461538461536
 20
-82.92307692307692
 10
463.61538461538464
 20
-84.07692307692308
 10
459.84615384615387
 20
-85.23076923076923
 10
456.0769230769231
 20
-86.38461538461539
 10
452.3076923076923
 20
-87.53846153846153
 10
448.53846153846155
 20
-88.6923076923077
 10
444.7692307692308
 20
-89.84615384615384
 10
441.0
 20
-91.0
 10
437.53333333333336
 20
-92.46666666666667
 10
434.06666666666666
 20
-93.93333333333334
 10
430.6
 20
-95.4
 10
427.1333333333333
 20
-96.86666666666666
 10
423.6666666666667
 20
-98.33333333333333
 10
420.2
 20
-99.8
 10
416.73333333333335
 20
-101.26666666666667
 10
413.26666666666665
 20
-102.73333333333333
 10
409.8
 20
-104.2
 10
406.3333333333333
 20
-105.66666666666667
 10
402.8666666666667
 20
-107.13333333333333
 10
399.4
 20
-108.6
 10
395.93333333333334
 20
-110.06666666666666
 10
392.4666666666667
 20
-111.53333333333333
 10
389.0
 20
-113.0
 10
385.5
 20
-114.92857142857143
 10
382.0
 20
-116.85714285714286
 10
378.5
 20
-118.78571428571429
 10
375.0
 20
-120.71428571428571
 10
371.5
 20
-122.64285714285714
 10
368.0
 20
-124.57142857142857
 10
364.5
 20
-126.5
 10
361.0
 20
-128.42857142857142
 10
357.5
 20
-130.35714285714286
 10
354.0
 20
-132.28571428571428
 10
350.5
 20
-134.21428571428572
 10
347.0
 20
-136.14285714285714
 10
343.5
 20
-138.07142857142858
 10
340.0
 20
-140.0
 10
336.875
 20
-142.125
 10
333.75
 20
-144.25
 10
330.625
 20
-146.375
 10
327.5
 20
-148.5
 10
324.375
 20
-150.625
 10
321.25
 20
-152.75
 10
318.125
 20
-154.875
 10
315.0
 20
-157.0
 10
311.875
 20
-159.125
 10
308.75
 20
-161.25
 10
305.625
 20
-163.375
 10
302.5
 20
-165.5
 10
299.375
 20
-167.625
 10
296.25
 20
-169.75
 10
293.125
 20
-171.875
 10
290.0
 20
-174.0
 10
287.0
 20
-176.46153846153845
 10
284.0
 20
-178.92307692307693
 10
281.0
 20
-181.3846153846154
 10
278.0
 20
-183.84615384615384
 10
275.0
 20
-186.30769230769232
 10
272.0
 20
-188.76923076923077
 10
269.0
 20
-191.23076923076923
 10
266.0
 20
-193.69230769230768
 10
263.0
 20
-196.15384615384616
 10
260.0
 20
-198.6153846153846
 10
257.0
 20
-201.07692307692307
 10
254.0
 20
-203.53846153846155
 10
251.0
 20
-206.0
 10
248.3125
 20
-208.6875
 10
245.625
 20
-211.375
 10
242.9375
 20
-214.0625
 10
240.25
 20
-216.75
 10
237.5625
 20
-219.4375
 10
234.875
 20
-222.125
 10
232.1875
 20
-224.8125
 10
229.5
 20
-227.5
 10
226.8125
 20
-230.1875
 10
224.125
 20
-232.875
 10
221.4375
 20
-235.5625
 10
218.75
 20
-238.25
 10
216.0625
 20
-240.9375
 10
213.375
 20
-243.625
 10
210.6875
 20
-246.3125
 10
208.0
 20
-249.0
 10
205.5
 20
-252.08333333333334
 10
203.0
 20
-255.16666666666666
 10
200.5
 20
-258.25
 10
198.0
 20
-261.3333333333333
 10
195.5
 20
-264.4166666666667
 10
193.0
 20
-267.5
 10
190.5
 20
-270.5833333333333
 10
188.0
 20
-273.6666666666667
 10
185.5
 20
-276.75
 10
183.0
 20
-279.8333333333333
 10
180.5
 20
-282.9166666666667
 10
178.0
 20
-286.0
 10
175.93333333333334
 20
-289.1333333333333
 10
173.86666666666667
 20
-292.26666666666665
 10
171.8
 20
-295.4
 10
169.73333333333335
 20
-298.53333333333336
 10
167.66666666666666
 20
-301.6666666666667
 10
165.6
 20
-304.8
 10
163.53333333333333
 20
-307.93333333333334
 10
161.46666666666667
 20
-311.06666666666666
 10
159.4
 20
-314.2
 10
157.33333333333334
 20
-317.3333333333333
 10
155.26666666666668
 20
-320.46666666666664
 10
153.2
 20
-323.6
 10
151.13333333333333
 20
-326.73333333333335
 10
149.06666666666666
 20
-329.8666666666667
 10
147.0
 20
-333.0
 10
145.25
 20
-336.375
 10
143.5
 20
-339.75
 10
141.75
 20
-343.125
 10
140.0
 20
-346.5
 10
138.25
 20
-349.875
 10
136.5
 20
-353.25
 10
134.75
 20
-356.625
 10
133.0
 20
-360.0
 10
131.25
 20
-363.375
 10
129.5
 20
-366.75
 10
127.75
 20
-370.125
 10
126.0
 20
-373.5
 10
124.25
 20
-376.875
 10
122.5
 20
-380.25
 10
120.75
 20
-383.625
 10
119.0
 20
-387.0
 10
117.5
 20
-390.6666666666667
 10
116.0
 20
-394.3333333333333
 10
114.5
 20
-398.0
 10
113.0
 20
-401.6666666666667
 10
111.5
 20
-405.3333333333333
 10
110.0
 20
-409.0
 10
108.5
 20
-412.6666666666667
 10
107.0
 20
-416.3333333333333
 10
105.5
 20
-420.0
 10
104.0
 20
-423.6666666666667
 10
102.5
 20
-427.3333333333333
 10
101.0
 20
-431.0
 10
99.84615384615384
 20
-434.7692307692308
 10
98.6923076923077
 20
-438.53846153846155
 10
97.53846153846153
 20
-442.3076923076923
 10
96.38461538461539
 20
-446.0769230769231
 10
95.23076923076923
 20
-449.84615384615387
 10
94.07692307692308
 20
-453.61538461538464
 10
92.92307692307692
 20
-457.38461538461536
 10
91.76923076923077
 20
-461.15384615384613
 10
90.61538461538461
 20
-464.9230769230769
 10
89.46153846153847
 20
-468.6923076923077
 10
88.3076923076923
 20
-472.46153846153845
 10
87.15384615384616
 20
-476.2307692307692
 10
86.0
 20
-480.0
 10
85.26666666666667
 20
-483.6666666666667
 10
84.53333333333333
 20
-487.3333333333333
 10
83.8
 20
-491.0
 10
83.06666666666666
 20
-494.6666666666667
 10
82.33333333333333
 20
-498.3333333333333
 10
81.6
 20
-502.0
 10
80.86666666666666
 20
-505.6666666666667
 10
80.13333333333334
 20
-509.3333333333333
 10
79.4
 20
-513.0
 10
78.66666666666667
 20
-516.6666666666666
 10
77.93333333333334
 20
-520.3333333333334
 10
77.2
 20
-524.0
 10
76.46666666666667
 20
-527.6666666666666
 10
75.73333333333333
 20
-531.3333333333334
 10
75.0
 20
-535.0
 10
74.66666666666667
 20
-538.8666666666667
 10
74.33333333333333
 20
-542.7333333333333
 10
74.0
 20
-546.6
 10
73.66666666666667
 20
-550.4666666666667
 10
73.33333333333333
 20
-554.3333333333334
 10
73.0
 20
-558.2
 10
72.66666666666667
 20
-562.0666666666667
 10
72.33333333333333
 20
-565.9333333333333
 10
72.0
 20
-569.8
 10
71.66666666666667
 20
-573.6666666666666
 10
71.33333333333333
 20
-577.5333333333333
 10
71.0
 20
-581.4
 10
70.66666666666667
 20
-585.2666666666667
 10
70.33333333333333
 20
-589.1333333333333
 10
70.0
 20
-593.0
 10
70.07142857142857
 20
-596.8571428571429
 10
70.14285714285714
 20
-600.7142857142857
 10
70.21428571428571
 20
-604.5714285714286
 10
70.28571428571429
 20
-608.4285714285714
 10
70.35714285714286
 20
-612.2857142857143
 10
70.42857142857143
 20
-616.1428571428571
 10
70.5
 20
-620.0
 10
70.57142857142857
 20
-623.8571428571429
 10
70.64285714285714
 20
-627.7142857142857
 10
70.71428571428571
 20
-631.5714285714286
 10
70.78571428571429
 20
-635.4285714285714
 10
70.85714285714286
 20
-639.2857142857143
 10
70.92857142857143
 20
-643.1428571428571
 10
71.0
 20
-647.0
 10
71.42857142857143
 20
-650.7142857142857
 10
71.85714285714286
 20
-654.4285714285714
 10
72.28571428571429
 20
-658.1428571428571
 10
72.71428571428571
 20
-661.8571428571429
 10
73.14285714285714
 20
-665.5714285714286
 10
73.57142857142857
 20
-669.2857142857143
 10
74.0
 20
-673.0
 10
74.42857142857143
 20
-676.7142857142857
 10
74.85714285714286
 20
-680.4285714285714
 10
75.28571428571429
 20
-684.1428571428571
 10
75.71428571428571
 20
-687.8571428571429
 10
76.14285714285714
 20
-691.5714285714286
 10
76.57142857142857
 20
-695.2857142857143
 10
77.0
 20
-699.0
 10
77.85714285714286
 20
-702.8571428571429
 10
78.71428571428571
 20
-706.7142857142857
 10
79.57142857142857
 20
-710.5714285714286
 10
80.42857142857143
 20
-714.4285714285714
 10
81.28571428571429
 20
-718.2857142857143
 10
82.14285714285714
 20
-722.1428571428571
 10
83.0
 20
-726.0
 10
83.85714285714286
 20
-729.8571428571429
 10
84.71428571428572
 20
-733.7142857142857
 10
85.57142857142857
 20
-737.5714285714286
 10
86.42857142857143
 20
-741.4285714285714
 10
87.28571428571428
 20
-745.2857142857143
 10
88.14285714285714
 20
-749.1428571428571
 10
89.0
 20
-753.0
 10
90.1875
 20
-756.5625
 10
91.375
 20
-760.125
 10
92.5625
 20
-763.6875
 10
93.75
 20
-767.25
 10
94.9375
 20
-770.8125
 10
96.125
 20
-774.375
 10
97.3125
 20
-777.9375
 10
98.5
 20
-781.5
 10
99.6875
 20
-785.0625
 10
100.875
 20
-788.625
 10
102.0625
 20
-792.1875
 10
103.25
 20
-795.75
 10
104.4375
 20
-799.3125
 10
105.625
 20
-802.875
 10
106.8125
 20
-806.4375
 10
108.0
 20
-810.0
 10
109.57142857142857
 20
-813.5
 10
111.14285714285714
 20
-817.0
 10
112.71428571428571
 20
-820.5
 10
114.28571428571429
 20
-824.0
 10
115.85714285714286
 20
-827.5
 10
117.42857142857143
 20
-831.0
 10
119.0
 20
-834.5
 10
120.57142857142857
 20
-838.0
 10
122.14285714285714
 20
-841.5
 10
123.71428571428572
 20
-845.0
 10
125.28571428571428
 20
-848.5
 10
126.85714285714286
 20
-852.0
 10
128.42857142857144
 20
-855.5
 10
130.0
 20
-859.0
 10
131.875
 20
-862.25
 10
133.75
 20
-865.5
 10
135.625
 20
-868.75
 10
137.5
 20
-872.0
 10
139.375
 20
-875.25
 10
141.25
 20
-878.5
 10
143.125
 20
-881.75
 10
145.0
 20
-885.0
 10
146.875
 20
-888.25
 10
148.75
 20
-891.5
 10
150.625
 20
-894.75
 10
152.5
 20
-898.0
 10
154.375
 20
-901.25
 10
156.25
 20
-904.5
 10
158.125
 20
-907.75
 10
160.0
 20
-911.0
 10
162.23076923076923
 20
-914.1538461538462
 10
164.46153846153845
 20
-917.3076923076923
 10
166.69230769230768
 20
-920.4615384615385
 10
168.92307692307693
 20
-923.6153846153846
 10
171.15384615384616
 20
-926.7692307692307
 10
173.3846153846154
 20
-929.9230769230769
 10
175.6153846153846
 20
-933.0769230769231
 10
177.84615384615384
 20
-936.2307692307693
 10
180.07692307692307
 20
-939.3846153846154
 10
182.30769230769232
 20
-942.5384615384615
 10
184.53846153846155
 20
-945.6923076923077
 10
186.76923076923077
 20
-948.8461538461538
 10
189.0
 20
-952.0
 10
191.6
 20
-955.0
 10
194.2
 20
-958.0
 10
196.8
 20
-961.0
 10
199.4
 20
-964.0
 10
202.0
 20
-967.0
 10
204.6
 20
-970.0
 10
207.2
 20
-973.0
 10
209.8
 20
-976.0
 10
212.4
 20
-979.0
 10
215.0
 20
-982.0
 10
217.6
 20
-985.0
 10
220.2
 20
-988.0
 10
222.8
 20
-991.0
 10
225.4
 20
-994.0
 10
228.0
 20
-997.0
 10
230.71428571428572
 20
-999.5714285714286
 10
233.42857142857142
 20
-1002.1428571428571
 10
236.14285714285714
 20
-1004.7142857142857
 10
238.85714285714286
 20
-1007.2857142857143
 10
241.57142857142858
 20
-1009.8571428571429
 10
244.28571428571428
 20
-1012.4285714285714
 10
247.0
 20
-1015.0
 10
249.71428571428572
 20
-1017.5714285714286
 10
252.42857142857144
 20
-1020.1428571428571
 10
255.14285714285714
 20
-1022.7142857142857
 10
257.85714285714283
 20
-1025.2857142857142
 10
260.57142857142856
 20
-1027.857142857143
 10
263.2857142857143
 20
-1030.4285714285713
 10
266.0
 20
-1033.0
 10
269.0
 20
-1035.2941176470588
 10
272.0
 20
-1037.5882352941176
 10
275.0
 20
-1039.8823529411766
 10
278.0
 20
-1042.1764705882354
 10
281.0
 20
-1044.4705882352941
 10
284.0
 20
-1046.764705882353
 10
287.0
 20
-1049.0588235294117
 10
290.0
 20
-1051.3529411764705
 10
293.0
 20
-1053.6470588235295
 10
296.0
 20
-1055.9411764705883
 10
299.0
 20
-1058.235294117647
 10
302.0
 20
-1060.5294117647059
 10
305.0
 20
-1062.8235294117646
 10
308.0
 20
-1065.1176470588234
 10
311.0
 20
-1067.4117647058824
 10
314.0
 20
-1069.7058823529412
 10
317.0
 20
-1072.0
 10
320.2857142857143
 20
-1074.0
 10
323.57142857142856
 20
-1076.0
 10
326.85714285714283
 20
-1078.0
 10
330.14285714285717
 20
-1080.0
 10
333.42857142857144
 20
-1082.0
 10
336.7142857142857
 20
-1084.0
 10
340.0
 20
-1086.0
 10
343.2857142857143
 20
-1088.0
 10
346.57142857142856
 20
-1090.0
 10
349.8571428571429
 20
-1092.0
 10
353.1428571428571
 20
-1094.0
 10
356.42857142857144
 20
-1096.0
 10
359.7142857142857
 20
-1098.0
 10
363.0
 20
-1100.0
 10
366.42857142857144
 20
-1101.642857142857
 10
369.85714285714283
 20
-1103.2857142857142
 10
373.2857142857143
 20
-1104.9285714285713
 10
376.7142857142857
 20
-1106.5714285714287
 10
380.14285714285717
 20
-1108.2142857142858
 10
383.57142857142856
 20
-1109.857142857143
 10
387.0
 20
-1111.5
 10
390.42857142857144
 20
-1113.142857142857
 10
393.8571428571429
 20
-1114.7857142857142
 10
397.2857142857143
 20
-1116.4285714285713
 10
400.7142857142857
 20
-1118.0714285714287
 10
404.1428571428571
 20
-1119.7142857142858
 10
407.57142857142856
 20
-1121.357142857143
 10
411.0
 20
-1123.0
 10
414.57142857142856
 20
-1124.2857142857142
 10
418.14285714285717
 20
-1125.5714285714287
 10
421.7142857142857
 20
-1126.857142857143
 10
425.2857142857143
 20
-1128.142857142857
 10
428.85714285714283
 20
-1129.4285714285713
 10
432.42857142857144
 20
-1130.7142857142858
 10
436.0
 20
-1132.0
 10
439.57142857142856
 20
-1133.2857142857142
 10
443.14285714285717
 20
-1134.5714285714287
 10
446.7142857142857
 20
-1135.857142857143
 10
450.2857142857143
 20
-1137.142857142857
 10
453.85714285714283
 20
-1138.4285714285713
 10
457.42857142857144
 20
-1139.7142857142858
 10
461.0
 20
-1141.0
 10
464.6923076923077
 20
-1141.923076923077
 10
468.38461538461536
 20
-1142.8461538461538
 10
472.0769230769231
 20
-1143.7692307692307
 10
475.7692307692308
 20
-1144.6923076923076
 10
479.46153846153845
 20
-1145.6153846153845
 10
483.15384615384613
 20
-1146.5384615384614
 10
486.84615384615387
 20
-1147.4615384615386
 10
490.53846153846155
 20
-1148.3846153846155
 10
494.2307692307692
 20
-1149.3076923076924
 10
497.9230769230769
 20
-1150.2307692307693
 10
501.61538461538464
 20
-1151.1538461538462
 10
505.3076923076923
 20
-1152.076923076923
 10
509.0
 20
-1153.0
 10
512.7142857142857
 20
-1153.5714285714287
 10
516.4285714285714
 20
-1154.142857142857
 10
520.1428571428571
 20
-1154.7142857142858
 10
523.8571428571429
 20
-1155.2857142857142
 10
527.5714285714286
 20
-1155.857142857143
 10
531.2857142857143
 20
-1156.4285714285713
 10
535.0
 20
-1157.0
 10
538.7142857142857
 20
-1157.5714285714287
 10
542.4285714285714
 20
-1158.142857142857
 10
546.1428571428571
 20
-1158.7142857142858
 10
549.8571428571429
 20
-1159.2857142857142
 10
553.5714285714286
 20
-1159.857142857143
 10
557.2857142857143
 20
-1160.4285714285713
 10
561.0
 20
-1161.0
 10
564.9090909090909
 20
-1161.2727272727273
 10
568.8181818181819
 20
-1161.5454545454545
 10
572.7272727272727
 20
-1161.8181818181818
 10
576.6363636363636
 20
-1162.090909090909
 10
580.5454545454545
 20
-1162.3636363636363
 10
584.4545454545455
 20
-1162.6363636363637
 10
588.3636363636364
 20
-1162.909090909091
 10
592.2727272727273
 20
-1163.1818181818182
 10
596.1818181818182
 20
-1163.4545454545455
 10
600.0909090909091
 20
-1163.7272727272727
 10
604.0
 20
-1164.0
 10
607.875
 20
-1163.9375
 10
611.75
 20
-1163.875
 10
615.625
 20
-1163.8125
 10
619.5
 20
-1163.75
 10
623.375
 20
-1163.6875
 10
627.25
 20
-1163.625
 10
631.125
 20
-1163.5625
 10
635.0
 20
-1163.5
 10
638.875
 20
-1163.4375
 10
642.75
 20
-1163.375
 10
646.625
 20
-1163.3125
 10
650.5
 20
-1163.25
 10
654.375
 20
-1163.1875
 10
658.25
 20
-1163.125
 10
662.125
 20
-1163.0625
 10
666.0
 20
-1163.0
 10
669.8
 20
-1162.5333333333333
 10
673.6
 20
-1162.0666666666666
 10
677.4
 20
-1161.6
 10
681.2
 20
-1161.1333333333334
 10
685.0
 20
-1160.6666666666667
 10
688.8
 20
-1160.2
 10
692.6
 20
-1159.7333333333333
 10
696.4
 20
-1159.2666666666667
 10
700.2
 20
-1158.8
 10
704.0
 20
-1158.3333333333333
 10
707.8
 20
-1157.8666666666666
 10
711.6
 20
-1157.4
 10
715.4
 20
-1156.9333333333334
 10
719.2
 20
-1156.4666666666667
 10
723.0
 20
-1156.0
 10
726.7692307692307
 20
-1155.1538461538462
 10
730.5384615384615
 20
-1154.3076923076924
 10
734.3076923076923
 20
-1153.4615384615386
 10
738.0769230769231
 20
-1152.6153846153845
 10
741.8461538461538
 20
-1151.7692307692307
 10
745.6153846153846
 20
-1150.923076923077
 10
749.3846153846154
 20
-1150.076923076923
 10
753.1538461538462
 20
-1149.2307692307693
 10
756.9230769230769
 20
-1148.3846153846155
 10
760.6923076923077
 20
-1147.5384615384614
 10
764.4615384615385
 20
-1146.6923076923076
 10
768.2307692307693
 20
-1145.8461538461538
 10
772.0
 20
-1145.0
 10
775.6666666666666
 20
-1143.8333333333333
 10
779.3333333333334
 20
-1142.6666666666667
 10
783.0
 20
-1141.5
 10
786.6666666666666
 20
-1140.3333333333333
 10
790.3333333333334
 20
-1139.1666666666667
 10
794.0
 20
-1138.0
 10
797.6666666666666
 20
-1136.8333333333333
 10
801.3333333333334
 20
-1135.6666666666667
 10
805.0
 20
-1134.5
 10
808.6666666666666
 20
-1133.3333333333333
 10
812.3333333333334
 20
-1132.1666666666667
 10
816.0
 20
-1131.0
 10
819.5384615384615
 20
-1129.5384615384614
 10
823.0769230769231
 20
-1128.076923076923
 10
826.6153846153846
 20
-1126.6153846153845
 10
830.1538461538462
 20
-1125.1538461538462
 10
833.6923076923077
 20
-1123.6923076923076
 10
837.2307692307693
 20
-1122.2307692307693
 10
840.7692307692307
 20
-1120.7692307692307
 10
844.3076923076923
 20
-1119.3076923076924
 10
847.8461538461538
 20
-1117.8461538461538
 10
851.3846153846154
 20
-1116.3846153846155
 10
854.9230769230769
 20
-1114.923076923077
 10
858.4615384615385
 20
-1113.4615384615386
 10
862.0
 20
-1112.0
 10
865.4117647058823
 20
-1110.1764705882354
 10
868.8235294117648
 20
-1108.3529411764705
 10
872.2352941176471
 20
-1106.5294117647059
 10
875.6470588235294
 20
-1104.7058823529412
 10
879.0588235294117
 20
-1102.8823529411766
 10
882.4705882352941
 20
-1101.0588235294117
 10
885.8823529411765
 20
-1099.235294117647
 10
889.2941176470588
 20
-1097.4117647058824
 10
892.7058823529412
 20
-1095.5882352941176
 10
896.1176470588235
 20
-1093.764705882353
 10
899.5294117647059
 20
-1091.9411764705883
 10
902.9411764705883
 20
-1090.1176470588234
 10
906.3529411764706
 20
-1088.2941176470588
 10
909.7647058823529
 20
-1086.4705882352941
 10
913.1764705882352
 20
-1084.6470588235295
 10
916.5882352941177
 20
-1082.8235294117646
 10
920.0
 20
-1081.0
 10
923.0833333333334
 20
-1078.9166666666667
 10
926.1666666666666
 20
-1076.8333333333333
 10
929.25
 20
-1074.75
 10
932.3333333333334
 20
-1072.6666666666667
 10
935.4166666666666
 20
-1070.5833333333333
 10
938.5
 20
-1068.5
 10
941.5833333333334
 20
-1066.4166666666667
 10
944.6666666666666
 20
-1064.3333333333333
 10
947.75
 20
-1062.25
 10
950.8333333333334
 20
-1060.1666666666667
 10
953.9166666666666
 20
-1058.0833333333333
 10
957.0
 20
-1056.0
 10
959.9375
 20
-1053.5625
 10
962.875
 20
-1051.125
 10
965.8125
 20
-1048.6875
 10
968.75
 20
-1046.25
 10
971.6875
 20
-1043.8125
 10
974.625
 20
-1041.375
 10
977.5625
 20
-1038.9375
 10
980.5
 20
-1036.5
 10
983.4375
 20
-1034.0625
 10
986.375
 20
-1031.625
 10
989.3125
 20
-1029.1875
 10
992.25
 20
-1026.75
 10
995.1875
 20
-1024.3125
 10
998.125
 20
-1021.875
 10
1001.0625
 20
-1019.4375
 10
1004.0
 20
-1017.0
 10
1006.7142857142857
 20
-1014.2142857142857
 10
1009.4285714285714
 20
-1011.4285714285714
 10
1012.1428571428571
 20
-1008.6428571428571
 10
1014.8571428571429
 20
-1005.8571428571429
 10
1017.5714285714286
 20
-1003.0714285714286
 10
1020.2857142857143
 20
-1000.2857142857143
 10
1023.0
 20
-997.5
 10
1025.7142857142858
 20
-994.7142857142857
 10
1028.4285714285713
 20
-991.9285714285714
 10
1031.142857142857
 20
-989.1428571428571
 10
1033.857142857143
 20
-986.3571428571429
 10
1036.5714285714287
 20
-983.5714285714286
 10
1039.2857142857142
 20
-980.7857142857143
 10
1042.0
 20
-978.0
 10
1044.4666666666667
 20
-974.9333333333333
 10
1046.9333333333334
 20
-971.8666666666667
 10
1049.4
 20
-968.8
 10
1051.8666666666666
 20
-965.7333333333333
 10
1054.3333333333333
 20
-962.6666666666666
 10
1056.8
 20
-959.6
 10
1059.2666666666667
 20
-956.5333333333333
 10
1061.7333333333333
 20
-953.4666666666667
 10
1064.2
 20
-950.4
 10
1066.6666666666667
 20
-947.3333333333334
 10
1069.1333333333334
 20
-944.2666666666667
 10
1071.6
 20
-941.2
 10
1074.0666666666666
 20
-938.1333333333333
 10
1076.5333333333333
 20
-935.0666666666666
 10
1079.0
 20
-932.0
 10
1081.0625
 20
-928.8125
 10
1083.125
 20
-925.625
 10
1085.1875
 20
-922.4375
 10
1087.25
 20
-919.25
 10
1089.3125
 20
-916.0625
 10
1091.375
 20
-912.875
 10
1093.4375
 20
-909.6875
 10
1095.5
 20
-906.5
 10
1097.5625
 20
-903.3125
 10
1099.625
 20
-900.125
 10
1101.6875
 20
-896.9375
 10
1103.75
 20
-893.75
 10
1105.8125
 20
-890.5625
 10
1107.875
 20
-887.375
 10
1109.9375
 20
-884.1875
 10
1112.0
 20
-881.0
 10
1113.7857142857142
 20
-877.5714285714286
 10
1115.5714285714287
 20
-874.1428571428571
 10
1117.357142857143
 20
-870.7142857142857
 10
1119.142857142857
 20
-867.2857142857143
 10
1120.9285714285713
 20
-863.8571428571429
 10
1122.7142857142858
 20
-860.4285714285714
 10
1124.5
 20
-857.0
 10
1126.2857142857142
 20
-853.5714285714286
 10
1128.0714285714287
 20
-850.1428571428571
 10
1129.857142857143
 20
-846.7142857142857
 10
1131.642857142857
 20
-843.2857142857143
 10
1133.4285714285713
 20
-839.8571428571429
 10
1135.2142857142858
 20
-836.4285714285714
 10
1137.0
 20
-833.0
 10
1138.5
 20
-829.3333333333334
 10
1140.0
 20
-825.6666666666666
 10
1141.5
 20
-822.0
 10
1143.0
 20
-818.3333333333334
 10
1144.5
 20
-814.6666666666666
 10
1146.0
 20
-811.0
 10
1147.5
 20
-807.3333333333334
 10
1149.0
 20
-803.6666666666666
 10
1150.5
 20
-800.0
 10
1152.0
 20
-796.3333333333334
 10
1153.5
 20
-792.6666666666666
 10
1155.0
 20
-789.0
 10
1156.076923076923
 20
-785.4615384615385
 10
1157.1538461538462
 20
-781.9230769230769
 10
1158.2307692307693
 20
-778.3846153846154
 10
1159.3076923076924
 20
-774.8461538461538
 10
1160.3846153846155
 20
-771.3076923076923
 10
1161.4615384615386
 20
-767.7692307692307
 10
1162.5384615384614
 20
-764.2307692307693
 10
1163.6153846153845
 20
-760.6923076923077
 10
1164.6923076923076
 20
-757.1538461538462
 10
1165.7692307692307
 20
-753.6153846153846
 10
1166.8461538461538
 20
-750.0769230769231
 10
1167.923076923077
 20
-746.5384615384615
 10
1169.0
 20
-743.0
 10
1169.7333333333333
 20
-739.1333333333333
 10
1170.4666666666667
 20
-735.2666666666667
 10
1171.2
 20
-731.4
 10
1171.9333333333334
 20
-727.5333333333333
 10
1172.6666666666667
 20
-723.6666666666666
 10
1173.4
 20
-719.8
 10
1174.1333333333334
 20
-715.9333333333333
 10
1174.8666666666666
 20
-712.0666666666667
 10
1175.6
 20
-708.2
 10
1176.3333333333333
 20
-704.3333333333334
 10
1177.0666666666666
 20
-700.4666666666667
 10
1177.8
 20
-696.6
 10
1178.5333333333333
 20
-692.7333333333333
 10
1179.2666666666667
 20
-688.8666666666667
 10
1180.0
 20
-685.0
 10
1180.2857142857142
 20
-681.1428571428571
 10
1180.5714285714287
 20
-677.2857142857143
 10
1180.857142857143
 20
-673.4285714285714
 10
1181.142857142857
 20
-669.5714285714286
 10
1181.4285714285713
 20
-665.7142857142857
 10
1181.7142857142858
 20
-661.8571428571429
 10
1182.0
 20
-658.0
 10
1182.2857142857142
 20
-654.1428571428571
 10
1182.5714285714287
 20
-650.2857142857143
 10
1182.857142857143
 20
-646.4285714285714
 10
1183.142857142857
 20
-642.5714285714286
 10
1183.4285714285713
 20
-638.7142857142857
 10
1183.7142857142858
 20
-634.8571428571429
 10
1184.0
 20
-631.0
 10
1183.9166666666667
 20
-627.3333333333334
 10
1183.8333333333333
 20
-623.6666666666666
 10
1183.75
 20
-620.0
 10
1183.6666666666667
 20
-616.3333333333334
 10
1183.5833333333333
 20
-612.6666666666666
 10
1183.5
 20
-609.0
 10
1183.4166666666667
 20
-605.3333333333334
 10
1183.3333333333333
 20
-601.6666666666666
 10
1183.25
 20
-598.0
 10
1183.1666666666667
 20
-594.3333333333334
 10
1183.0833333333333
 20
-590.6666666666666
 10
1183.0
 20
-587.0
 10
1182.6153846153845
 20
-583.3076923076923
 10
1182.2307692307693
 20
-579.6153846153846
 10
1181.8461538461538
 20
-575.9230769230769
 10
1181.4615384615386
 20
-572.2307692307693
 10
1181.076923076923
 20
-568.5384615384615
 10
1180.6923076923076
 20
-564.8461538461538
 10
1180.3076923076924
 20
-561.1538461538462
 10
1179.923076923077
 20
-557.4615384615385
 10
1179.5384615384614
 20
-553.7692307692307
 10
1179.1538461538462
 20
-550.0769230769231
 10
1178.7692307692307
 20
-546.3846153846154
 10
1178.3846153846155
 20
-542.6923076923077
 10
1178.0
 20
-539.0
 10
1177.25
 20
-535.1666666666666
 10
1176.5
 20
-531.3333333333334
 10
1175.75
 20
-527.5
 10
1175.0
 20
-523.6666666666666
 10
1174.25
 20
-519.8333333333334
 10
1173.5
 20
-516.0
 10
1172.75
 20
-512.1666666666666
 10
1172.0
 20
-508.3333333333333
 10
1171.25
 20
-504.5
 10
1170.5
 20
-500.6666666666667
 10
1169.75
 20
-496.8333333333333
 10
1169.0
 20
-493.0
 10
1167.9375
 20
-489.375
 10
1166.875
 20
-485.75
 10
1165.8125
 20
-482.125
 10
1164.75
 20
-478.5
 10
1163.6875
 20
-474.875
 10
1162.625
 20
-471.25
 10
1161.5625
 20
-467.625
 10
1160.5
 20
-464.0
 10
1159.4375
 20
-460.375
 10
1158.375
 20
-456.75
 10
1157.3125
 20
-453.125
 10
1156.25
 20
-449.5
 10
1155.1875
 20
-445.875
 10
1154.125
 20
-442.25
 10
1153.0625
 20
-438.625
 10
1152.0
 20
-435.0
 10
1150.5625
 20
-431.5
 10
1149.125
 20
-428.0
 10
1147.6875
 20
-424.5
 10
1146.25
 20
-421.0
 10
1144.8125
 20
-417.5
 10
1143.375
 20
-414.0
 10
1141.9375
 20
-410.5
 10
1140.5
 20
-407.0
 10
1139.0625
 20
-403.5
 10
1137.625
 20
-400.0
 10
1136.1875
 20
-396.5
 10
1134.75
 20
-393.0
 10
1133.3125
 20
-389.5
 10
1131.875
 20
-386.0
 10
1130.4375
 20
-382.5
 10
1129.0
 20
-379.0
 10
1127.1176470588234
 20
-375.5882352941176
 10
1125.235294117647
 20
-372.1764705882353
 10
1123.3529411764705
 20
-368.7647058823529
 10
1121.4705882352941
 20
-365.3529411764706
 10
1119.5882352941176
 20
-361.94117647058823
 10
1117.7058823529412
 20
-358.52941176470586
 10
1115.8235294117646
 20
-355.11764705882354
 10
1113.9411764705883
 20
-351.70588235294116
 10
1112.0588235294117
 20
-348.29411764705884
 10
1110.1764705882354
 20
-344.88235294117646
 10
1108.2941176470588
 20
-341.47058823529414
 10
1106.4117647058824
 20
-338.05882352941177
 10
1104.5294117647059
 20
-334.6470588235294
 10
1102.6470588235295
 20
-331.2352941176471
 10
1100.764705882353
 20
-327.8235294117647
 10
1098.8823529411766
 20
-324.4117647058824
 10
1097.0
 20
-321.0
 10
1094.857142857143
 20
-317.92857142857144
 10
1092.7142857142858
 20
-314.85714285714283
 10
1090.5714285714287
 20
-311.7857142857143
 10
1088.4285714285713
 20
-308.7142857142857
 10
1086.2857142857142
 20
-305.64285714285717
 10
1084.142857142857
 20
-302.57142857142856
 10
1082.0
 20
-299.5
 10
1079.857142857143
 20
-296.42857142857144
 10
1077.7142857142858
 20
-293.35714285714283
 10
1075.5714285714287
 20
-290.2857142857143
 10
1073.4285714285713
 20
-287.2142857142857
 10
1071.2857142857142
 20
-284.14285714285717
 10
1069.142857142857
 20
-281.07142857142856
 10
1067.0
 20
-278.0
 10
1064.4615384615386
 20
-275.0
 10
1061.923076923077
 20
-272.0
 10
1059.3846153846155
 20
-269.0
 10
1056.8461538461538
 20
-266.0
 10
1054.3076923076924
 20
-263.0
 10
1051.7692307692307
 20
-260.0
 10
1049.2307692307693
 20
-257.0
 10
1046.6923076923076
 20
-254.0
 10
1044.1538461538462
 20
-251.0
 10
1041.6153846153845
 20
-248.0
 10
1039.076923076923
 20
-245.0
 10
1036.5384615384614
 20
-242.0
 10
1034.0
 20
-239.0
 10
1031.3125
 20
-236.375
 10
1028.625
 20
-233.75
 10
1025.9375
 20
-231.125
 10
1023.25
 20
-228.5
 10
1020.5625
 20
-225.875
 10
1017.875
 20
-223.25
 10
1015.1875
 20
-220.625
 10
1012.5
 20
-218.0
 10
1009.8125
 20
-215.375
 10
1007.125
 20
-212.75
 10
1004.4375
 20
-210.125
 10
1001.75
 20
-207.5
 10
999.0625
 20
-204.875
 10
996.375
 20
-202.25
 10
993.6875
 20
-199.625
 10
991.0
 20
-197.0
 10
988.1
 20
-194.6
 10
985.2
 20
-192.2
 10
982.3
 20
-189.8
 10
979.4
 20
-187.4
 10
976.5
 20
-185.0
 10
973.6
 20
-182.6
 10
970.7
 20
-180.2
 10
967.8
 20
-177.8
 10
964.9
 20
-175.4
 10
962.0
 20
-173.0
 10
958.8666666666667
 20
-170.8
 10
955.7333333333333
 20
-168.6
 10
952.6
 20
-166.4
 10
949.4666666666667
 20
-164.2
 10
946.3333333333334
 20
-162.0
 10
943.2
 20
-159.8
 10
940.0666666666667
 20
-157.6
 10
936.9333333333333
 20
-155.4
 10
933.8
 20
-153.2
 10
930.6666666666666
 20
-151.0
 10
927.5333333333333
 20
-148.8
 10
924.4
 20
-146.6
 10
921.2666666666667
 20
-144.4
 10
918.1333333333333
 20
-142.2
 10
915.0
 20
-140.0
 10
911.5625
 20
-138.125
 10
908.125
 20
-136.25
 10
904.6875
 20
-134.375
 10
901.25
 20
-132.5
 10
897.8125
 20
-130.625
 10
894.375
 20
-128.75
 10
890.9375
 20
-126.875
 10
887.5
 20
-125.0
 10
884.0625
 20
-123.125
 10
880.625
 20
-121.25
 10
877.1875
 20
-119.375
 10
873.75
 20
-117.5
 10
870.3125
 20
-115.625
 10
866.875
 20
-113.75
 10
863.4375
 20
-111.875
 10
860.0
 20
-110.0
 10
856.3333333333334
 20
-108.5
 10
852.6666666666666
 20
-107.0
 10
849.0
 20
-105.5
 10
845.3333333333334
 20
-104.0
 10
841.6666666666666
 20
-102.5
 10
838.0
 20
-101.0
 10
834.3333333333334
 20
-99.5
 10
830.6666666666666
 20
-98.0
 10
827.0
 20
-96.5
 10
823.3333333333334
 20
-95.0
 10
819.6666666666666
 20
-93.5
 10
816.0
 20
-92.0
 10
812.3529411764706
 20
-90.94117647058823
 10
808.7058823529412
 20
-89.88235294117646
 10
805.0588235294117
 20
-88.82352941176471
 10
801.4117647058823
 20
-87.76470588235294
 10
797.7647058823529
 20
-86.70588235294117
 10
794.1176470588235
 20
-85.6470588235294
 10
790.4705882352941
 20
-84.58823529411765
 10
786.8235294117648
 20
-83.52941176470588
 10
783.1764705882352
 20
-82.47058823529412
 10
779.5294117647059
 20
-81.41176470588235
 10
775.8823529411765
 20
-80.35294117647058
 10
772.2352941176471
 20
-79.29411764705883
 10
768.5882352941177
 20
-78.23529411764706
 10
764.9411764705883
 20
-77.17647058823529
 10
761.2941176470588
 20
-76.11764705882354
 10
757.6470588235294
 20
-75.05882352941177
 10
754.0
 20
-74.0
 10
750.3333333333334
 20
-73.33333333333333
 10
746.6666666666666
 20
-72.66666666666667
 10
743.0
 20
-72.0
 10
739.3333333333334
 20
-71.33333333333333
 10
735.6666666666666
 20
-70.66666666666667
 10
732.0
 20
-70.0
 10
728.3333333333334
 20
-69.33333333333333
 10
724.6666666666666
 20
-68.66666666666667
 10
721.0
 20
-68.0
 10
717.3333333333334
 20
-67.33333333333333
 10
713.6666666666666
 20
-66.66666666666667
 10
710.0
 20
-66.0
 10
706.0555555555555
 20
-65.66666666666667
 10
702.1111111111111
 20
-65.33333333333333
 10
698.1666666666666
 20
-65.0
 10
694.2222222222222
 20
-64.66666666666667
 10
690.2777777777778
 20
-64.33333333333333
 10
686.3333333333334
 20
-64.0
 10
682.3888888888889
 20
-63.666666666666664
 10
678.4444444444445
 20
-63.333333333333336
 10
674.5
 20
-63.0
 10
670.5555555555555
 20
-62.666666666666664
 10
666.6111111111111
 20
-62.333333333333336
 10
662.6666666666666
 20
-62.0
 10
658.7222222222222
 20
-61.666666666666664
 10
654.7777777777778
 20
-61.333333333333336
 10
650.8333333333334
 20
-61.0
 10
646.8888888888889
 20
-60.666666666666664
 10
642.9444444444445
 20
-60.333333333333336
 10
639.0
 20
-60.0
 10
635.0769230769231
 20
-60.07692307692308
 10
631.1538461538462
 20
-60.15384615384615
 10
627.2307692307693
 20
-60.23076923076923
 10
623.3076923076923
 20
-60.30769230769231
 10
619.3846153846154
 20
-60.38461538461539
 10
615.4615384615385
 20
-60.46153846153846
 10
611.5384615384615
 20
-60.53846153846154
 10
607.6153846153846
 20
-60.61538461538461
 10
603.6923076923077
 20
-60.69230769230769
 10
599.7692307692307
 20
-60.76923076923077
 10
595.8461538461538
 20
-60.84615384615385
 10
591.9230769230769
 20
-60.92307692307692
 10
588.0
 20
-61.0
  0
LWPOLYLINE
  5
8B
330
17
100
AcDbEntity
  8
0
100
AcDbPolyline
 90
1151
 70
1
 10
616.0
 20
-113.0
 10
619.6363636363636
 20
-113.0909090909091
 10
623.2727272727273
 20
-113.18181818181819
 10
626.9090909090909
 20
-113.27272727272727
 10
630.5454545454545
 20
-113.36363636363636
 10
634.1818181818181
 20
-113.45454545454545
 10
637.8181818181819
 20
-113.54545454545455
 10
641.4545454545455
 20
-113.63636363636364
 10
645.0909090909091
 20
-113.72727272727273
 10
648.7272727272727
 20
-113.81818181818181
 10
652.3636363636364
 20
-113.9090909090909
 10
656.0
 20
-114.0
 10
659.7857142857143
 20
-114.42857142857143
 10
663.5714285714286
 20
-114.85714285714286
 10
667.3571428571429
 20
-115.28571428571429
 10
671.1428571428571
 20
-115.71428571428571
 10
674.9285714285714
 20
-116.14285714285714
 10
678.7142857142857
 20
-116.57142857142857
 10
682.5
 20
-117.0
 10
686.2857142857143
 20
-117.42857142857143
 10
690.0714285714286
 20
-117.85714285714286
 10
693.8571428571429
 20
-118.28571428571429
 10
697.6428571428571
 20
-118.71428571428571
 10
701.4285714285714
 20
-119.14285714285714
 10
705.2142857142857
 20
-119.57142857142857
 10
709.0
 20
-120.0
 10
712.8181818181819
 20
-120.81818181818181
 10
716.6363636363636
 20
-121.63636363636364
 10
720.4545454545455
 20
-122.45454545454545
 10
724.2727272727273
 20
-123.27272727272727
 10
728.0909090909091
 20
-124.0909090909091
 10
731.9090909090909
 20
-124.9090909090909
 10
735.7272727272727
 20
-125.72727272727273
 10
739.5454545454545
 20
-126.54545454545455
 10
743.3636363636364
 20
-127.36363636363636
 10
747.1818181818181
 20
-128.1818181818182
 10
751.0
 20
-129.0
 10
754.6666666666666
 20
-130.11111111111111
 10
758.3333333333334
 20
-131.22222222222223
 10
762.0
 20
-132.33333333333334
 10
765.6666666666666
 20
-133.44444444444446
 10
769.3333333333334
 20
-134.55555555555554
 10
773.0
 20
-135.66666666666666
 10
776.6666666666666
 20
-136.77777777777777
 10
780.3333333333334
 20
-137.88888888888889
 10
784.0
 20
-139.0
 10
787.4615384615385
 20
-140.3846153846154
 10
790.9230769230769
 20
-141.76923076923077
 10
794.3846153846154
 20
-143.15384615384616
 10
797.8461538461538
 20
-144.53846153846155
 10
801.3076923076923
 20
-145.92307692307693
 10
804.7692307692307
 20
-147.30769230769232
 10
808.2307692307693
 20
-148.69230769230768
 10
811.6923076923077
 20
-150.07692307692307
 10
815.1538461538462
 20
-151.46153846153845
 10
818.6153846153846
 20
-152.84615384615384
 10
822.0769230769231
 20
-154.23076923076923
 10
825.5384615384615
 20
-155.6153846153846
 10
829.0
 20
-157.0
 10
832.5454545454545
 20
-158.8181818181818
 10
836.0909090909091
 20
-160.63636363636363
 10
839.6363636363636
 20
-162.45454545454547
 10
843.1818181818181
 20
-164.27272727272728
 10
846.7272727272727
 20
-166.0909090909091
 10
850.2727272727273
 20
-167.9090909090909
 10
853.8181818181819
 20
-169.72727272727272
 10
857.3636363636364
 20
-171.54545454545456
 10
860.9090909090909
 20
-173.36363636363637
 10
864.4545454545455
 20
-175.1818181818182
 10
868.0
 20
-177.0
 10
871.2
 20
-179.0
 10
874.4
 20
-181.0
 10
877.6
 20
-183.0
 10
880.8
 20
-185.0
 10
884.0
 20
-187.0
 10
887.2
 20
-189.0
 10
890.4
 20
-191.0
 10
893.6
 20
-193.0
 10
896.8
 20
-195.0
 10
900.0
 20
-197.0
 10
903.1538461538462
 20
-199.3846153846154
 10
906.3076923076923
 20
-201.76923076923077
 10
909.4615384615385
 20
-204.15384615384616
 10
912.6153846153846
 20
-206.53846153846155
 10
915.7692307692307
 20
-208.92307692307693
 10
918.9230769230769
 20
-211.30769230769232
 10
922.0769230769231
 20
-213.69230769230768
 10
925.2307692307693
 20
-216.07692307692307
 10
928.3846153846154
 20
-218.46153846153845
 10
931.5384615384615
 20
-220.84615384615384
 10
934.6923076923077
 20
-223.23076923076923
 10
937.8461538461538
 20
-225.6153846153846
 10
941.0
 20
-228.0
 10
943.0
 20
-230.0
 10
945.0
 20
-232.0
 10
947.0
 20
-234.0
 10
945.0
 20
-236.0
 10
941.1935483870968
 20
-237.08064516129033
 10
937.3870967741935
 20
-238.16129032258064
 10
933.5806451612904
 20
-239.24193548387098
 10
929.7741935483871
 20
-240.32258064516128
 10
925.9677419354839
 20
-241.40322580645162
 10
922.1612903225806
 20
-242.48387096774192
 10
918.3548387096774
 20
-243.56451612903226
 10
914.5483870967741
 20
-244.6451612903226
 10
910.741935483871
 20
-245.7258064516129
 10
906.9354838709678
 20
-246.80645161290323
 10
903.1290322580645
 20
-247.88709677419354
 10
899.3225806451613
 20
-248.96774193548387
 10
895.516129032258
 20
-250.0483870967742
 10
891.7096774193549
 20
-251.1290322580645
 10
887.9032258064516
 20
-252.20967741935485
 10
884.0967741935484
 20
-253.29032258064515
 10
880.2903225806451
 20
-254.3709677419355
 10
876.483870967742
 20
-255.4516129032258
 10
872.6774193548387
 20
-256.5322580645161
 10
868.8709677419355
 20
-257.61290322580646
 10
865.0645161290323
 20
-258.69354838709677
 10
861.258064516129
 20
-259.7741935483871
 10
857.4516129032259
 20
-260.85483870967744
 10
853.6451612903226
 20
-261.93548387096774
 10
849.8387096774194
 20
-263.01612903225805
 10
846.0322580645161
 20
-264.0967741935484
 10
842.2258064516129
 20
-265.1774193548387
 10
838.4193548387096
 20
-266.258064516129
 10
834.6129032258065
 20
-267.33870967741933
 10
830.8064516129032
 20
-268.4193548387097
 10
827.0
 20
-269.5
 10
823.1935483870968
 20
-270.5806451612903
 10
819.3870967741935
 20
-271.6612903225806
 10
815.5806451612904
 20
-272.741935483871
 10
811.7741935483871
 20
-273.8225806451613
 10
807.9677419354839
 20
-274.9032258064516
 10
804.1612903225806
 20
-275.98387096774195
 10
800.3548387096774
 20
-277.06451612903226
 10
796.5483870967741
 20
-278.14516129032256
 10
792.741935483871
 20
-279.2258064516129
 10
788.9354838709678
 20
-280.30645161290323
 10
785.1290322580645
 20
-281.38709677419354
 10
781.3225806451612
 20
-282.4677419354839
 10
777.516129032258
 20
-283.5483870967742
 10
773.7096774193549
 20
-284.6290322580645
 10
769.9032258064516
 20
-285.7096774193548
 10
766.0967741935484
 20
-286.7903225806452
 10
762.2903225806451
 20
-287.8709677419355
 10
758.483870967742
 20
-288.9516129032258
 10
754.6774193548388
 20
-290.0322580645161
 10
750.8709677419355
 20
-291.11290322580646
 10
747.0645161290322
 20
-292.19354838709677
 10
743.258064516129
 20
-293.2741935483871
 10
739.4516129032259
 20
-294.35483870967744
 10
735.6451612903226
 20
-295.43548387096774
 10
731.8387096774194
 20
-296.51612903225805
 10
728.0322580645161
 20
-297.5967741935484
 10
724.2258064516129
 20
-298.6774193548387
 10
720.4193548387096
 20
-299.758064516129
 10
716.6129032258065
 20
-300.8387096774194
 10
712.8064516129032
 20
-301.9193548387097
 10
709.0
 20
-303.0
 10
712.7820512820513
 20
-304.28205128205127
 10
716.5641025641025
 20
-305.56410256410254
 10
720.3461538461538
 20
-306.84615384615387
 10
724.1282051282051
 20
-308.12820512820514
 10
727.9102564102564
 20
-309.4102564102564
 10
731.6923076923077
 20
-310.6923076923077
 10
735.474358974359
 20
-311.97435897435895
 10
739.2564102564103
 20
-313.2564102564103
 10
743.0384615384615
 20
-314.53846153846155
 10
746.8205128205128
 20
-315.8205128205128
 10
750.6025641025641
 20
-317.1025641025641
 10
754.3846153846154
 20
-318.38461538461536
 10
758.1666666666666
 20
-319.6666666666667
 10
761.9487179487179
 20
-320.94871794871796
 10
765.7307692307693
 20
-322.2307692307692
 10
769.5128205128206
 20
-323.5128205128205
 10
773.2948717948718
 20
-324.7948717948718
 10
777.0769230769231
 20
-326.0769230769231
 10
780.8589743589744
 20
-327.35897435897436
 10
784.6410256410256
 20
-328.64102564102564
 10
788.4230769230769
 20
-329.9230769230769
 10
792.2051282051282
 20
-331.2051282051282
 10
795.9871794871794
 20
-332.4871794871795
 10
799.7692307692307
 20
-333.7692307692308
 10
803.5512820512821
 20
-335.05128205128204
 10
807.3333333333334
 20
-336.3333333333333
 10
811.1153846153846
 20
-337.61538461538464
 10
814.8974358974359
 20
-338.8974358974359
 10
818.6794871794872
 20
-340.1794871794872
 10
822.4615384615385
 20
-341.46153846153845
 10
826.2435897435897
 20
-342.7435897435897
 10
830.025641025641
 20
-344.025641025641
 10
833.8076923076923
 20
-345.3076923076923
 10
837.5897435897436
 20
-346.5897435897436
 10
841.3717948717949
 20
-347.87179487179486
 10
845.1538461538462
 20
-349.15384615384613
 10
848.9358974358975
 20
-350.43589743589746
 10
852.7179487179487
 20
-351.71794871794873
 10
856.5
 20
-353.0
 10
860.2820512820513
 20
-354.28205128205127
 10
864.0641025641025
 20
-355.56410256410254
 10
867.8461538461538
 20
-356.84615384615387
 10
871.6282051282051
 20
-358.12820512820514
 10
875.4102564102564
 20
-359.4102564102564
 10
879.1923076923076
 20
-360.6923076923077
 10
882.974358974359
 20
-361.974358974359
 10
886.7564102564103
 20
-363.2564102564103
 10
890.5384615384615
 20
-364.53846153846155
 10
894.3205128205128
 20
-365.8205128205128
 10
898.1025641025641
 20
-367.1025641025641
 10
901.8846153846154
 20
-368.38461538461536
 10
905.6666666666666
 20
-369.66666666666663
 10
909.448717948718
 20
-370.94871794871796
 10
913.2307692307693
 20
-372.2307692307692
 10
917.0128205128206
 20
-373.5128205128205
 10
920.7948717948718
 20
-374.7948717948718
 10
924.5769230769231
 20
-376.0769230769231
 10
928.3589743589744
 20
-377.35897435897436
 10
932.1410256410256
 20
-378.64102564102564
 10
935.9230769230769
 20
-379.9230769230769
 10
939.7051282051282
 20
-381.2051282051282
 10
943.4871794871794
 20
-382.4871794871795
 10
947.2692307692307
 20
-383.7692307692308
 10
951.051282051282
 20
-385.05128205128204
 10
954.8333333333334
 20
-386.33333333333337
 10
958.6153846153846
 20
-387.61538461538464
 10
962.3974358974359
 20
-388.8974358974359
 10
966.1794871794872
 20
-390.1794871794872
 10
969.9615384615385
 20
-391.46153846153845
 10
973.7435897435898
 20
-392.7435897435897
 10
977.525641025641
 20
-394.025641025641
 10
981.3076923076924
 20
-395.3076923076923
 10
985.0897435897436
 20
-396.5897435897436
 10
988.8717948717949
 20
-397.87179487179486
 10
992.6538461538462
 20
-399.1538461538462
 10
996.4358974358975
 20
-400.43589743589746
 10
1000.2179487179487
 20
-401.71794871794873
 10
1004.0
 20
-403.0
 10
1003.0
 20
-400.0
 10
1002.0
 20
-397.0
 10
1002.25
 20
-393.75
 10
1002.5
 20
-390.5
 10
1002.75
 20
-387.25
 10
1003.0
 20
-384.0
 10
1001.0
 20
-383.0
 10
1001.5
 20
-381.0
 10
1002.0
 20
-379.0
 10
1001.0
 20
-375.3333333333333
 10
1000.0
 20
-371.6666666666667
 10
999.0
 20
-368.0
 10
998.8181818181819
 20
-364.3636363636364
 10
998.6363636363636
 20
-360.72727272727275
 10
998.4545454545455
 20
-357.09090909090907
 10
998.2727272727273
 20
-353.45454545454544
 10
998.0909090909091
 20
-349.8181818181818
 10
997.9090909090909
 20
-346.1818181818182
 10
997.7272727272727
 20
-342.54545454545456
 10
997.5454545454545
 20
-338.9090909090909
 10
997.3636363636364
 20
-335.27272727272725
 10
997.1818181818181
 20
-331.6363636363636
 10
997.0
 20
-328.0
 10
995.0
 20
-327.0
 10
994.6666666666666
 20
-323.6666666666667
 10
994.3333333333334
 20
-320.3333333333333
 10
994.0
 20
-317.0
 10
994.2
 20
-313.4
 10
994.4
 20
-309.8
 10
994.6
 20
-306.2
 10
994.8
 20
-302.6
 10
995.0
 20
-299.0
 10
993.0
 20
-296.0
 10
993.0
 20
-292.5
 10
993.0
 20
-289.0
 10
994.0
 20
-286.5
 10
995.0
 20
-284.0
 10
992.6666666666666
 20
-282.0
 10
990.3333333333334
 20
-280.0
 10
988.0
 20
-278.0
 10
986.5
 20
-275.25
 10
985.0
 20
-272.5
 10
983.5
 20
-269.75
 10
982.0
 20
-267.0
 10
984.4285714285714
 20
-269.57142857142856
 10
986.8571428571429
 20
-272.14285714285717
 10
989.2857142857143
 20
-274.7142857142857
 10
991.7142857142857
 20
-277.2857142857143
 10
994.1428571428571
 20
-279.85714285714283
 10
996.5714285714286
 20
-282.42857142857144
 10
999.0
 20
-285.0
 10
1001.2857142857143
 20
-288.0
 10
1003.5714285714286
 20
-291.0
 10
1005.8571428571429
 20
-294.0
 10
1008.1428571428571
 20
-297.0
 10
1010.4285714285714
 20
-300.0
 10
1012.7142857142857
 20
-303.0
 10
1015.0
 20
-306.0
 10
1017.2857142857143
 20
-309.0
 10
1019.5714285714286
 20
-312.0
 10
1021.8571428571429
 20
-315.0
 10
1024.142857142857
 20
-318.0
 10
1026.4285714285713
 20
-321.0
 10
1028.7142857142858
 20
-324.0
 10
1031.0
 20
-327.0
 10
1033.076923076923
 20
-330.3076923076923
 10
1035.1538461538462
 20
-333.61538461538464
 10
1037.2307692307693
 20
-336.9230769230769
 10
1039.3076923076924
 20
-340.2307692307692
 10
1041.3846153846155
 20
-343.53846153846155
 10
1043.4615384615386
 20
-346.84615384615387
 10
1045.5384615384614
 20
-350.15384615384613
 10
1047.6153846153845
 20
-353.46153846153845
 10
1049.6923076923076
 20
-356.7692307692308
 10
1051.7692307692307
 20
-360.0769230769231
 10
1053.8461538461538
 20
-363.38461538461536
 10
1055.923076923077
 20
-366.6923076923077
 10
1058.0
 20
-370.0
 10
1059.6666666666667
 20
-373.3333333333333
 10
1061.3333333333333
 20
-376.6666666666667
 10
1063.0
 20
-380.0
 10
1064.6666666666667
 20
-383.3333333333333
 10
1066.3333333333333
 20
-386.6666666666667
 10
1068.0
 20
-390.0
 10
1069.6666666666667
 20
-393.3333333333333
 10
1071.3333333333333
 20
-396.6666666666667
 10
1073.0
 20
-400.0
 10
1074.6666666666667
 20
-403.3333333333333
 10
1076.3333333333333
 20
-406.6666666666667
 10
1078.0
 20
-410.0
 10
1079.4
 20
-413.5
 10
1080.8
 20
-417.0
 10
1082.2
 20
-420.5
 10
1083.6
 20
-424.0
 10
1085.0
 20
-427.5
 10
1086.4
 20
-431.0
 10
1087.8
 20
-434.5
 10
1089.2
 20
-438.0
 10
1090.6
 20
-441.5
 10
1092.0
 20
-445.0
 10
1093.0666666666666
 20
-448.6
 10
1094.1333333333334
 20
-452.2
 10
1095.2
 20
-455.8
 10
1096.2666666666667
 20
-459.4
 10
1097.3333333333333
 20
-463.0
 10
1098.4
 20
-466.6
 10
1099.4666666666667
 20
-470.2
 10
1100.5333333333333
 20
-473.8
 10
1101.6
 20
-477.4
 10
1102.6666666666667
 20
-481.0
 10
1103.7333333333333
 20
-484.6
 10
1104.8
 20
-488.2
 10
1105.8666666666666
 20
-491.8
 10
1106.9333333333334
 20
-495.4
 10
1108.0
 20
-499.0
 10
1108.7272727272727
 20
-502.72727272727275
 10
1109.4545454545455
 20
-506.45454545454544
 10
1110.1818181818182
 20
-510.1818181818182
 10
1110.909090909091
 20
-513.9090909090909
 10
1111.6363636363637
 20
-517.6363636363636
 10
1112.3636363636363
 20
-521.3636363636364
 10
1113.090909090909
 20
-525.0909090909091
 10
1113.8181818181818
 20
-528.8181818181819
 10
1114.5454545454545
 20
-532.5454545454545
 10
1115.2727272727273
 20
-536.2727272727273
 10
1116.0
 20
-540.0
 10
1116.4166666666667
 20
-543.9166666666666
 10
1116.8333333333333
 20
-547.8333333333334
 10
1117.25
 20
-551.75
 10
1117.6666666666667
 20
-555.6666666666666
 10
1118.0833333333333
 20
-559.5833333333334
 10
1118.5
 20
-563.5
 10
1118.9166666666667
 20
-567.4166666666666
 10
1119.3333333333333
 20
-571.3333333333334
 10
1119.75
 20
-575.25
 10
1120.1666666666667
 20
-579.1666666666666
 10
1120.5833333333333
 20
-583.0833333333334
 10
1121.0
 20
-587.0
 10
1121.0
 20
-590.8125
 10
1121.0
 20
-594.625
 10
1121.0
 20
-598.4375
 10
1121.0
 20
-602.25
 10
1121.0
 20
-606.0625
 10
1121.0
 20
-609.875
 10
1121.0
 20
-613.6875
 10
1121.0
 20
-617.5
 10
1121.0
 20
-621.3125
 10
1121.0
 20
-625.125
 10
1121.0
 20
-628.9375
 10
1121.0
 20
-632.75
 10
1121.0
 20
-636.5625
 10
1121.0
 20
-640.375
 10
1121.0
 20
-644.1875
 10
1121.0
 20
-648.0
 10
1120.6
 20
-651.8
 10
1120.2
 20
-655.6
 10
1119.8
 20
-659.4
 10
1119.4
 20
-663.2
 10
1119.0
 20
-667.0
 10
1118.6
 20
-670.8
 10
1118.2
 20
-674.6
 10
1117.8
 20
-678.4
 10
1117.4
 20
-682.2
 10
1117.0
 20
-686.0
 10
1116.2307692307693
 20
-689.7692307692307
 10
1115.4615384615386
 20
-693.5384615384615
 10
1114.6923076923076
 20
-697.3076923076923
 10
1113.923076923077
 20
-701.0769230769231
 10
1113.1538461538462
 20
-704.8461538461538
 10
1112.3846153846155
 20
-708.6153846153846
 10
1111.6153846153845
 20
-712.3846153846154
 10
1110.8461538461538
 20
-716.1538461538462
 10
1110.076923076923
 20
-719.9230769230769
 10
1109.3076923076924
 20
-723.6923076923077
 10
1108.5384615384614
 20
-727.4615384615385
 10
1107.7692307692307
 20
-731.2307692307693
 10
1107.0
 20
-735.0
 10
1105.8333333333333
 20
-738.6666666666666
 10
1104.6666666666667
 20
-742.3333333333334
 10
1103.5
 20
-746.0
 10
1102.3333333333333
 20
-749.6666666666666
 10
1101.1666666666667
 20
-753.3333333333334
 10
1100.0
 20
-757.0
 10
1098.8333333333333
 20
-760.6666666666666
 10
1097.6666666666667
 20
-764.3333333333334
 10
1096.5
 20
-768.0
 10
1095.3333333333333
 20
-771.6666666666666
 10
1094.1666666666667
 20
-775.3333333333334
 10
1093.0
 20
-779.0
 10
1091.3529411764705
 20
-782.5882352941177
 10
1089.7058823529412
 20
-786.1764705882352
 10
1088.0588235294117
 20
-789.7647058823529
 10
1086.4117647058824
 20
-793.3529411764706
 10
1084.764705882353
 20
-796.9411764705883
 10
1083.1176470588234
 20
-800.5294117647059
 10
1081.4705882352941
 20
-804.1176470588235
 10
1079.8235294117646
 20
-807.7058823529412
 10
1078.1764705882354
 20
-811.2941176470588
 10
1076.5294117647059
 20
-814.8823529411765
 10
1074.8823529411766
 20
-818.4705882352941
 10
1073.235294117647
 20
-822.0588235294117
 10
1071.5882352941176
 20
-825.6470588235294
 10
1069.9411764705883
 20
-829.2352941176471
 10
1068.2941176470588
 20
-832.8235294117648
 10
1066.6470588235295
 20
-836.4117647058823
 10
1065.0
 20
-840.0
 10
1063.0
 20
-843.3333333333334
 10
1061.0
 20
-846.6666666666666
 10
1059.0
 20
-850.0
 10
1057.0
 20
-853.3333333333334
 10
1055.0
 20
-856.6666666666666
 10
1053.0
 20
-860.0
 10
1051.0
 20
-863.3333333333334
 10
1049.0
 20
-866.6666666666666
 10
1047.0
 20
-870.0
 10
1044.7272727272727
 20
-873.1818181818181
 10
1042.4545454545455
 20
-876.3636363636364
 10
1040.1818181818182
 20
-879.5454545454545
 10
1037.909090909091
 20
-882.7272727272727
 10
1035.6363636363637
 20
-885.9090909090909
 10
1033.3636363636363
 20
-889.0909090909091
 10
1031.090909090909
 20
-892.2727272727273
 10
1028.8181818181818
 20
-895.4545454545455
 10
1026.5454545454545
 20
-898.6363636363636
 10
1024.2727272727273
 20
-901.8181818181819
 10
1022.0
 20
-905.0
 10
1019.5333333333333
 20
-907.8666666666667
 10
1017.0666666666667
 20
-910.7333333333333
 10
1014.6
 20
-913.6
 10
1012.1333333333333
 20
-916.4666666666667
 10
1009.6666666666666
 20
-919.3333333333334
 10
1007.2
 20
-922.2
 10
1004.7333333333333
 20
-925.0666666666667
 10
1002.2666666666667
 20
-927.9333333333333
 10
999.8
 20
-930.8
 10
997.3333333333334
 20
-933.6666666666666
 10
994.8666666666667
 20
-936.5333333333333
 10
992.4
 20
-939.4
 10
989.9333333333333
 20
-942.2666666666667
 10
987.4666666666667
 20
-945.1333333333333
 10
985.0
 20
-948.0
 10
982.2666666666667
 20
-950.6
 10
979.5333333333333
 20
-953.2
 10
976.8
 20
-955.8
 10
974.0666666666667
 20
-958.4
 10
971.3333333333334
 20
-961.0
 10
968.6
 20
-963.6
 10
965.8666666666667
 20
-966.2
 10
963.1333333333333
 20
-968.8
 10
960.4
 20
-971.4
 10
957.6666666666666
 20
-974.0
 10
954.9333333333334
 20
-976.6
 10
952.2
 20
-979.2
 10
949.4666666666667
 20
-981.8
 10
946.7333333333333
 20
-984.4
 10
944.0
 20
-987.0
 10
941.0714285714286
 20
-989.2857142857143
 10
938.1428571428571
 20
-991.5714285714286
 10
935.2142857142857
 20
-993.8571428571429
 10
932.2857142857143
 20
-996.1428571428571
 10
929.3571428571429
 20
-998.4285714285714
 10
926.4285714285714
 20
-1000.7142857142857
 10
923.5
 20
-1003.0
 10
920.5714285714286
 20
-1005.2857142857143
 10
917.6428571428571
 20
-1007.5714285714286
 10
914.7142857142857
 20
-1009.8571428571429
 10
911.7857142857143
 20
-1012.1428571428571
 10
908.8571428571429
 20
-1014.4285714285714
 10
905.9285714285714
 20
-1016.7142857142857
 10
903.0
 20
-1019.0
 10
900.0
 20
-1021.0
 10
897.0
 20
-1023.0
 10
894.0
 20
-1025.0
 10
891.0
 20
-1027.0
 10
888.0
 20
-1029.0
 10
885.0
 20
-1031.0
 10
882.0
 20
-1033.0
 10
879.0
 20
-1035.0
 10
876.0
 20
-1037.0
 10
872.5714285714286
 20
-1038.7857142857142
 10
869.1428571428571
 20
-1040.5714285714287
 10
865.7142857142857
 20
-1042.357142857143
 10
862.2857142857143
 20
-1044.142857142857
 10
858.8571428571429
 20
-1045.9285714285713
 10
855.4285714285714
 20
-1047.7142857142858
 10
852.0
 20
-1049.5
 10
848.5714285714286
 20
-1051.2857142857142
 10
845.1428571428571
 20
-1053.0714285714287
 10
841.7142857142857
 20
-1054.857142857143
 10
838.2857142857143
 20
-1056.642857142857
 10
834.8571428571429
 20
-1058.4285714285713
 10
831.4285714285714
 20
-1060.2142857142858
 10
828.0
 20
-1062.0
 10
824.5
 20
-1063.4
 10
821.0
 20
-1064.8
 10
817.5
 20
-1066.2
 10
814.0
 20
-1067.6
 10
810.5
 20
-1069.0
 10
807.0
 20
-1070.4
 10
803.5
 20
-1071.8
 10
800.0
 20
-1073.2
 10
796.5
 20
-1074.6
 10
793.0
 20
-1076.0
 10
789.375
 20
-1077.0625
 10
785.75
 20
-1078.125
 10
782.125
 20
-1079.1875
 10
778.5
 20
-1080.25
 10
774.875
 20
-1081.3125
 10
771.25
 20
-1082.375
 10
767.625
 20
-1083.4375
 10
764.0
 20
-1084.5
 10
760.375
 20
-1085.5625
 10
756.75
 20
-1086.625
 10
753.125
 20
-1087.6875
 10
749.5
 20
-1088.75
 10
745.875
 20
-1089.8125
 10
742.25
 20
-1090.875
 10
738.625
 20
-1091.9375
 10
735.0
 20
-1093.0
 10
731.1538461538462
 20
-1093.6923076923076
 10
727.3076923076923
 20
-1094.3846153846155
 10
723.4615384615385
 20
-1095.076923076923
 10
719.6153846153846
 20
-1095.7692307692307
 10
715.7692307692307
 20
-1096.4615384615386
 10
711.9230769230769
 20
-1097.1538461538462
 10
708.0769230769231
 20
-1097.8461538461538
 10
704.2307692307693
 20
-1098.5384615384614
 10
700.3846153846154
 20
-1099.2307692307693
 10
696.5384615384615
 20
-1099.923076923077
 10
692.6923076923077
 20
-1100.6153846153845
 10
688.8461538461538
 20
-1101.3076923076924
 10
685.0
 20
-1102.0
 10
681.0833333333334
 20
-1102.3333333333333
 10
677.1666666666666
 20
-1102.6666666666667
 10
673.25
 20
-1103.0
 10
669.3333333333334
 20
-1103.3333333333333
 10
665.4166666666666
 20
-1103.6666666666667
 10
661.5
 20
-1104.0
 10
657.5833333333334
 20
-1104.3333333333333
 10
653.6666666666666
 20
-1104.6666666666667
 10
649.75
 20
-1105.0
 10
645.8333333333334
 20
-1105.3333333333333
 10
641.9166666666666
 20
-1105.6666666666667
 10
638.0
 20
-1106.0
 10
634.1
 20
-1106.0
 10
630.2
 20
-1106.0
 10
626.3
 20
-1106.0
 10
622.4
 20
-1106.0
 10
618.5
 20
-1106.0
 10
614.6
 20
-1106.0
 10
610.7
 20
-1106.0
 10
606.8
 20
-1106.0
 10
602.9
 20
-1106.0
 10
599.0
 20
-1106.0
 10
595.0666666666667
 20
-1105.6
 10
591.1333333333333
 20
-1105.2
 10
587.2
 20
-1104.8
 10
583.2666666666667
 20
-1104.4
 10
579.3333333333334
 20
-1104.0
 10
575.4
 20
-1103.6
 10
571.4666666666667
 20
-1103.2
 10
567.5333333333333
 20
-1102.8
 10
563.6
 20
-1102.4
 10
559.6666666666666
 20
-1102.0
 10
555.7333333333333
 20
-1101.6
 10
551.8
 20
-1101.2
 10
547.8666666666667
 20
-1100.8
 10
543.9333333333333
 20
-1100.4
 10
540.0
 20
-1100.0
 10
536.1
 20
-1099.2
 10
532.2
 20
-1098.4
 10
528.3
 20
-1097.6
 10
524.4
 20
-1096.8
 10
520.5
 20
-1096.0
 10
516.6
 20
-1095.2
 10
512.7
 20
-1094.4
 10
508.8
 20
-1093.6
 10
504.9
 20
-1092.8
 10
501.0
 20
-1092.0
 10
497.42857142857144
 20
-1090.857142857143
 10
493.85714285714283
 20
-1089.7142857142858
 10
490.2857142857143
 20
-1088.5714285714287
 10
486.7142857142857
 20
-1087.4285714285713
 10
483.14285714285717
 20
-1086.2857142857142
 10
479.57142857142856
 20
-1085.142857142857
 10
476.0
 20
-1084.0
 10
472.42857142857144
 20
-1082.857142857143
 10
468.85714285714283
 20
-1081.7142857142858
 10
465.2857142857143
 20
-1080.5714285714287
 10
461.7142857142857
 20
-1079.4285714285713
 10
458.14285714285717
 20
-1078.2857142857142
 10
454.57142857142856
 20
-1077.142857142857
 10
451.0
 20
-1076.0
 10
447.5
 20
-1074.5
 10
444.0
 20
-1073.0
 10
440.5
 20
-1071.5
 10
437.0
 20
-1070.0
 10
433.5
 20
-1068.5
 10
430.0
 20
-1067.0
 10
426.5
 20
-1065.5
 10
423.0
 20
-1064.0
 10
419.5
 20
-1062.5
 10
416.0
 20
-1061.0
 10
412.5
 20
-1059.0714285714287
 10
409.0
 20
-1057.142857142857
 10
405.5
 20
-1055.2142857142858
 10
402.0
 20
-1053.2857142857142
 10
398.5
 20
-1051.357142857143
 10
395.0
 20
-1049.4285714285713
 10
391.5
 20
-1047.5
 10
388.0
 20
-1045.5714285714287
 10
384.5
 20
-1043.642857142857
 10
381.0
 20
-1041.7142857142858
 10
377.5
 20
-1039.7857142857142
 10
374.0
 20
-1037.857142857143
 10
370.5
 20
-1035.9285714285713
 10
367.0
 20
-1034.0
 10
363.7692307692308
 20
-1031.6923076923076
 10
360.53846153846155
 20
-1029.3846153846155
 10
357.3076923076923
 20
-1027.076923076923
 10
354.0769230769231
 20
-1024.7692307692307
 10
350.84615384615387
 20
-1022.4615384615385
 10
347.61538461538464
 20
-1020.1538461538462
 10
344.38461538461536
 20
-1017.8461538461538
 10
341.15384615384613
 20
-1015.5384615384615
 10
337.9230769230769
 20
-1013.2307692307693
 10
334.6923076923077
 20
-1010.9230769230769
 10
331.46153846153845
 20
-1008.6153846153846
 10
328.2307692307692
 20
-1006.3076923076923
 10
325.0
 20
-1004.0
 10
322.0
 20
-1001.4166666666666
 10
319.0
 20
-998.8333333333334
 10
316.0
 20
-996.25
 10
313.0
 20
-993.6666666666666
 10
310.0
 20
-991.0833333333334
 10
307.0
 20
-988.5
 10
304.0
 20
-985.9166666666666
 10
301.0
 20
-983.3333333333334
 10
298.0
 20
-980.75
 10
295.0
 20
-978.1666666666666
 10
292.0
 20
-975.5833333333334
 10
289.0
 20
-973.0
 10
286.38461538461536
 20
-970.3076923076923
 10
283.7692307692308
 20
-967.6153846153846
 10
281.15384615384613
 20
-964.9230769230769
 10
278.53846153846155
 20
-962.2307692307693
 10
275.9230769230769
 20
-959.5384615384615
 10
273.3076923076923
 20
-956.8461538461538
 10
270.6923076923077
 20
-954.1538461538462
 10
268.0769230769231
 20
-951.4615384615385
 10
265.46153846153845
 20
-948.7692307692307
 10
262.84615384615387
 20
-946.0769230769231
 10
260.2307692307692
 20
-943.3846153846154
 10
257.61538461538464
 20
-940.6923076923077
 10
255.0
 20
-938.0
 10
252.54545454545453
 20
-935.0
 10
250.0909090909091
 20
-932.0
 10
247.63636363636363
 20
-929.0
 10
245.1818181818182
 20
-926.0
 10
242.72727272727272
 20
-923.0
 10
240.27272727272728
 20
-920.0
 10
237.8181818181818
 20
-917.0
 10
235.36363636363637
 20
-914.0
 10
232.9090909090909
 20
-911.0
 10
230.45454545454547
 20
-908.0
 10
228.0
 20
-905.0
 10
225.85714285714286
 20
-901.7857142857143
 10
223.71428571428572
 20
-898.5714285714286
 10
221.57142857142858
 20
-895.3571428571429
 10
219.42857142857142
 20
-892.1428571428571
 10
217.28571428571428
 20
-888.9285714285714
 10
215.14285714285714
 20
-885.7142857142857
 10
213.0
 20
-882.5
 10
210.85714285714286
 20
-879.2857142857143
 10
208.71428571428572
 20
-876.0714285714286
 10
206.57142857142856
 20
-872.8571428571429
 10
204.42857142857144
 20
-869.6428571428571
 10
202.28571428571428
 20
-866.4285714285714
 10
200.14285714285714
 20
-863.2142857142857
 10
198.0
 20
-860.0
 10
196.15384615384616
 20
-856.4615384615385
 10
194.30769230769232
 20
-852.9230769230769
 10
192.46153846153845
 20
-849.3846153846154
 10
190.6153846153846
 20
-845.8461538461538
 10
188.76923076923077
 20
-842.3076923076923
 10
186.92307692307693
 20
-838.7692307692307
 10
185.07692307692307
 20
-835.2307692307693
 10
183.23076923076923
 20
-831.6923076923077
 10
181.3846153846154
 20
-828.1538461538462
 10
179.53846153846155
 20
-824.6153846153846
 10
177.69230769230768
 20
-821.0769230769231
 10
175.84615384615384
 20
-817.5384615384615
 10
174.0
 20
-814.0
 10
172.6
 20
-810.6
 10
171.2
 20
-807.2
 10
169.8
 20
-803.8
 10
168.4
 20
-800.4
 10
167.0
 20
-797.0
 10
165.6
 20
-793.6
 10
164.2
 20
-790.2
 10
162.8
 20
-786.8
 10
161.4
 20
-783.4
 10
160.0
 20
-780.0
 10
158.86666666666667
 20
-776.2
 10
157.73333333333332
 20
-772.4
 10
156.6
 20
-768.6
 10
155.46666666666667
 20
-764.8
 10
154.33333333333334
 20
-761.0
 10
153.2
 20
-757.2
 10
152.06666666666666
 20
-753.4
 10
150.93333333333334
 20
-749.6
 10
149.8
 20
-745.8
 10
148.66666666666666
 20
-742.0
 10
147.53333333333333
 20
-738.2
 10
146.4
 20
-734.4
 10
145.26666666666665
 20
-730.6
 10
144.13333333333333
 20
-726.8
 10
143.0
 20
-723.0
 10
142.30769230769232
 20
-719.0769230769231
 10
141.6153846153846
 20
-715.1538461538462
 10
140.92307692307693
 20
-711.2307692307693
 10
140.23076923076923
 20
-707.3076923076923
 10
139.53846153846155
 20
-703.3846153846154
 10
138.84615384615384
 20
-699.4615384615385
 10
138.15384615384616
 20
-695.5384615384615
 10
137.46153846153845
 20
-691.6153846153846
 10
136.76923076923077
 20
-687.6923076923077
 10
136.07692307692307
 20
-683.7692307692307
 10
135.3846153846154
 20
-679.8461538461538
 10
134.69230769230768
 20
-675.9230769230769
 10
134.0
 20
-672.0
 10
133.7
 20
-668.4
 10
133.4
 20
-664.8
 10
133.1
 20
-661.2
 10
132.8
 20
-657.6
 10
132.5
 20
-654.0
 10
132.2
 20
-650.4
 10
131.9
 20
-646.8
 10
131.6
 20
-643.2
 10
131.3
 20
-639.6
 10
131.0
 20
-636.0
 10
131.0
 20
-632.0
 10
131.0
 20
-628.0
 10
131.0
 20
-624.0
 10
131.0
 20
-620.0
 10
131.0
 20
-616.0
 10
131.0
 20
-612.0
 10
131.0
 20
-608.0
 10
131.0
 20
-604.0
 10
131.0
 20
-600.0
 10
131.0
 20
-596.0
 10
131.0
 20
-592.0
 10
131.4
 20
-588.1333333333333
 10
131.8
 20
-584.2666666666667
 10
132.2
 20
-580.4
 10
132.6
 20
-576.5333333333333
 10
133.0
 20
-572.6666666666666
 10
133.4
 20
-568.8
 10
133.8
 20
-564.9333333333333
 10
134.2
 20
-561.0666666666667
 10
134.6
 20
-557.2
 10
135.0
 20
-553.3333333333334
 10
135.4
 20
-549.4666666666667
 10
135.8
 20
-545.6
 10
136.2
 20
-541.7333333333333
 10
136.6
 20
-537.8666666666667
 10
137.0
 20
-534.0
 10
137.78571428571428
 20
-530.3571428571429
 10
138.57142857142858
 20
-526.7142857142857
 10
139.35714285714286
 20
-523.0714285714286
 10
140.14285714285714
 20
-519.4285714285714
 10
140.92857142857142
 20
-515.7857142857143
 10
141.71428571428572
 20
-512.1428571428571
 10
142.5
 20
-508.5
 10
143.28571428571428
 20
-504.85714285714283
 10
144.07142857142858
 20
-501.2142857142857
 10
144.85714285714286
 20
-497.57142857142856
 10
145.64285714285714
 20
-493.92857142857144
 10
146.42857142857142
 20
-490.2857142857143
 10
147.21428571428572
 20
-486.6428571428571
 10
148.0
 20
-483.0
 10
149.1818181818182
 20
-479.27272727272725
 10
150.36363636363637
 20
-475.54545454545456
 10
151.54545454545453
 20
-471.8181818181818
 10
152.72727272727272
 20
-468.09090909090907
 10
153.9090909090909
 20
-464.3636363636364
 10
155.0909090909091
 20
-460.6363636363636
 10
156.27272727272728
 20
-456.90909090909093
 10
157.45454545454547
 20
-453.1818181818182
 10
158.63636363636363
 20
-449.45454545454544
 10
159.8181818181818
 20
-445.72727272727275
 10
161.0
 20
-442.0
 10
162.45454545454547
 20
-438.45454545454544
 10
163.9090909090909
 20
-434.90909090909093
 10
165.36363636363637
 20
-431.3636363636364
 10
166.8181818181818
 20
-427.8181818181818
 10
168.27272727272728
 20
-424.27272727272725
 10
169.72727272727272
 20
-420.72727272727275
 10
171.1818181818182
 20
-417.1818181818182
 10
172.63636363636363
 20
-413.6363636363636
 10
174.0909090909091
 20
-410.09090909090907
 10
175.54545454545453
 20
-406.54545454545456
 10
177.0
 20
-403.0
 10
178.84615384615384
 20
-399.46153846153845
 10
180.69230769230768
 20
-395.9230769230769
 10
182.53846153846155
 20
-392.38461538461536
 10
184.3846153846154
 20
-388.84615384615387
 10
186.23076923076923
 20
-385.3076923076923
 10
188.07692307692307
 20
-381.7692307692308
 10
189.92307692307693
 20
-378.2307692307692
 10
191.76923076923077
 20
-374.6923076923077
 10
193.6153846153846
 20
-371.15384615384613
 10
195.46153846153845
 20
-367.61538461538464
 10
197.30769230769232
 20
-364.0769230769231
 10
199.15384615384616
 20
-360.53846153846155
 10
201.0
 20
-357.0
 10
203.0
 20
-353.8333333333333
 10
205.0
 20
-350.6666666666667
 10
207.0
 20
-347.5
 10
209.0
 20
-344.3333333333333
 10
211.0
 20
-341.1666666666667
 10
213.0
 20
-338.0
 10
215.0
 20
-334.8333333333333
 10
217.0
 20
-331.6666666666667
 10
219.0
 20
-328.5
 10
221.0
 20
-325.3333333333333
 10
223.0
 20
-322.1666666666667
 10
225.0
 20
-319.0
 10
227.42857142857142
 20
-315.92857142857144
 10
229.85714285714286
 20
-312.85714285714283
 10
232.28571428571428
 20
-309.7857142857143
 10
234.71428571428572
 20
-306.7142857142857
 10
237.14285714285714
 20
-303.64285714285717
 10
239.57142857142858
 20
-300.57142857142856
 10
242.0
 20
-297.5
 10
244.42857142857142
 20
-294.42857142857144
 10
246.85714285714286
 20
-291.35714285714283
 10
249.28571428571428
 20
-288.2857142857143
 10
251.71428571428572
 20
-285.2142857142857
 10
254.14285714285714
 20
-282.14285714285717
 10
256.57142857142856
 20
-279.07142857142856
 10
259.0
 20
-276.0
 10
259.5
 20
-278.5
 10
260.0
 20
-281.0
 10
258.5
 20
-284.0
 10
257.0
 20
-287.0
 10
258.0
 20
-289.5
 10
259.0
 20
-292.0
 10
258.4
 20
-295.8
 10
257.8
 20
-299.6
 10
257.2
 20
-303.4
 10
256.6
 20
-307.2
 10
256.0
 20
-311.0
 10
256.25
 20
-314.5
 10
256.5
 20
-318.0
 10
256.75
 20
-321.5
 10
257.0
 20
-325.0
 10
256.0
 20
-327.6666666666667
 10
255.0
 20
-330.3333333333333
 10
254.0
 20
-333.0
 10
254.5
 20
-336.0
 10
255.0
 20
-339.0
 10
254.0
 20
-341.0
 10
253.0
 20
-343.0
 10
252.85714285714286
 20
-346.85714285714283
 10
252.71428571428572
 20
-350.7142857142857
 10
252.57142857142858
 20
-354.57142857142856
 10
252.42857142857142
 20
-358.42857142857144
 10
252.28571428571428
 20
-362.2857142857143
 10
252.14285714285714
 20
-366.14285714285717
 10
252.0
 20
-370.0
 10
250.0
 20
-371.0
 10
249.625
 20
-374.875
 10
249.25
 20
-378.75
 10
248.875
 20
-382.625
 10
248.5
 20
-386.5
 10
248.125
 20
-390.375
 10
247.75
 20
-394.25
 10
247.375
 20
-398.125
 10
247.0
 20
-402.0
 10
250.5
 20
-401.5
 10
254.0
 20
-401.0
 10
257.5
 20
-400.5
 10
261.0
 20
-400.0
 10
264.76
 20
-398.6933333333333
 10
268.52
 20
-397.38666666666666
 10
272.28
 20
-396.08
 10
276.04
 20
-394.7733333333333
 10
279.8
 20
-393.46666666666664
 10
283.56
 20
-392.16
 10
287.32
 20
-390.85333333333335
 10
291.08
 20
-389.5466666666667
 10
294.84
 20
-388.24
 10
298.6
 20
-386.93333333333334
 10
302.36
 20
-385.62666666666667
 10
306.12
 20
-384.32
 10
309.88
 20
-383.0133333333333
 10
313.64
 20
-381.70666666666665
 10
317.4
 20
-380.4
 10
321.16
 20
-379.09333333333336
 10
324.92
 20
-377.7866666666667
 10
328.68
 20
-376.48
 10
332.44
 20
-375.17333333333335
 10
336.2
 20
-373.8666666666667
 10
339.96000000000004
 20
-372.56
 10
343.72
 20
-371.25333333333333
 10
347.48
 20
-369.94666666666666
 10
351.24
 20
-368.64
 10
355.0
 20
-367.3333333333333
 10
358.76
 20
-366.02666666666664
 10
362.52
 20
-364.72
 10
366.28
 20
-363.41333333333336
 10
370.03999999999996
 20
-362.1066666666667
 10
373.8
 20
-360.8
 10
377.56
 20
-359.49333333333334
 10
381.32
 20
-358.18666666666667
 10
385.08
 20
-356.88
 10
388.84
 20
-355.5733333333333
 10
392.6
 20
-354.26666666666665
 10
396.36
 20
-352.96
 10
400.12
 20
-351.6533333333333
 10
403.88
 20
-350.3466666666667
 10
407.64
 20
-349.04
 10
411.4
 20
-347.73333333333335
 10
415.15999999999997
 20
-346.4266666666667
 10
418.92
 20
-345.12
 10
422.68
 20
-343.81333333333333
 10
426.44
 20
-342.50666666666666
 10
430.2
 20
-341.2
 10
433.96
 20
-339.8933333333333
 10
437.72
 20
-338.58666666666664
 10
441.48
 20
-337.28
 10
445.24
 20
-335.97333333333336
 10
449.0
 20
-334.6666666666667
 10
452.76
 20
-333.36
 10
456.52
 20
-332.05333333333334
 10
460.28
 20
-330.74666666666667
 10
464.03999999999996
 20
-329.44
 10
467.79999999999995
 20
-328.1333333333333
 10
471.56
 20
-326.82666666666665
 10
475.32
 20
-325.52
 10
479.08
 20
-324.21333333333337
 10
482.84
 20
-322.90666666666664
 10
486.6
 20
-321.6
 10
490.36
 20
-320.29333333333335
 10
494.12
 20
-318.9866666666667
 10
497.88
 20
-317.68
 10
501.64
 20
-316.37333333333333
 10
505.4
 20
-315.06666666666666
 10
509.15999999999997
 20
-313.76
 10
512.92
 20
-312.4533333333333
 10
516.68
 20
-311.14666666666665
 10
520.44
 20
-309.84
 10
524.2
 20
-308.5333333333333
 10
527.96
 20
-307.2266666666667
 10
531.72
 20
-305.92
 10
535.48
 20
-304.61333333333334
 10
539.24
 20
-303.3066666666667
 10
543.0
 20
-302.0
 10
539.171875
 20
-300.984375
 10
535.34375
 20
-299.96875
 10
531.515625
 20
-298.953125
 10
527.6875
 20
-297.9375
 10
523.859375
 20
-296.921875
 10
520.03125
 20
-295.90625
 10
516.203125
 20
-294.890625
 10
512.375
 20
-293.875
 10
508.546875
 20
-292.859375
 10
504.71875
 20
-291.84375
 10
500.890625
 20
-290.828125
 10
497.0625
 20
-289.8125
 10
493.234375
 20
-288.796875
 10
489.40625
 20
-287.78125
 10
485.578125
 20
-286.765625
 10
481.75
 20
-285.75
 10
477.921875
 20
-284.734375
 10
474.09375
 20
-283.71875
 10
470.265625
 20
-282.703125
 10
466.4375
 20
-281.6875
 10
462.609375
 20
-280.671875
 10
458.78125
 20
-279.65625
 10
454.953125
 20
-278.640625
 10
451.125
 20
-277.625
 10
447.296875
 20
-276.609375
 10
443.46875
 20
-275.59375
 10
439.640625
 20
-274.578125
 10
435.8125
 20
-273.5625
 10
431.984375
 20
-272.546875
 10
428.15625
 20
-271.53125
 10
424.328125
 20
-270.515625
 10
420.5
 20
-269.5
 10
416.671875
 20
-268.484375
 10
412.84375
 20
-267.46875
 10
409.015625
 20
-266.453125
 10
405.1875
 20
-265.4375
 10
401.359375
 20
-264.421875
 10
397.53125
 20
-263.40625
 10
393.703125
 20
-262.390625
 10
389.875
 20
-261.375
 10
386.046875
 20
-260.359375
 10
382.21875
 20
-259.34375
 10
378.390625
 20
-258.328125
 10
374.5625
 20
-257.3125
 10
370.734375
 20
-256.296875
 10
366.90625
 20
-255.28125
 10
363.078125
 20
-254.265625
 10
359.25
 20
-253.25
 10
355.421875
 20
-252.234375
 10
351.59375
 20
-251.21875
 10
347.765625
 20
-250.203125
 10
343.9375
 20
-249.1875
 10
340.109375
 20
-248.171875
 10
336.28125
 20
-247.15625
 10
332.453125
 20
-246.140625
 10
328.625
 20
-245.125
 10
324.796875
 20
-244.109375
 10
320.96875
 20
-243.09375
 10
317.140625
 20
-242.078125
 10
313.3125
 20
-241.0625
 10
309.484375
 20
-240.046875
 10
305.65625
 20
-239.03125
 10
301.828125
 20
-238.015625
 10
298.0
 20
-237.0
 10
301.0
 20
-234.63636363636363
 10
304.0
 20
-232.27272727272728
 10
307.0
 20
-229.9090909090909
 10
310.0
 20
-227.54545454545453
 10
313.0
 20
-225.1818181818182
 10
316.0
 20
-222.8181818181818
 10
319.0
 20
-220.45454545454544
 10
322.0
 20
-218.0909090909091
 10
325.0
 20
-215.72727272727272
 10
328.0
 20
-213.36363636363637
 10
331.0
 20
-211.0
 10
334.1
 20
-208.9
 10
337.2
 20
-206.8
 10
340.3
 20
-204.7
 10
343.4
 20
-202.6
 10
346.5
 20
-200.5
 10
349.6
 20
-198.4
 10
352.7
 20
-196.3
 10
355.8
 20
-194.2
 10
358.9
 20
-192.1
 10
362.0
 20
-190.0
 10
365.44444444444446
 20
-188.0
 10
368.8888888888889
 20
-186.0
 10
372.3333333333333
 20
-184.0
 10
375.77777777777777
 20
-182.0
 10
379.22222222222223
 20
-180.0
 10
382.6666666666667
 20
-178.0
 10
386.1111111111111
 20
-176.0
 10
389.55555555555554
 20
-174.0
 10
393.0
 20
-172.0
 10
396.5
 20
-170.375
 10
400.0
 20
-168.75
 10
403.5
 20
-167.125
 10
407.0
 20
-165.5
 10
410.5
 20
-163.875
 10
414.0
 20
-162.25
 10
417.5
 20
-160.625
 10
421.0
 20
-159.0
 10
424.5
 20
-157.375
 10
428.0
 20
-155.75
 10
431.5
 20
-154.125
 10
435.0
 20
-152.5
 10
438.5
 20
-150.875
 10
442.0
 20
-149.25
 10
445.5
 20
-147.625
 10
449.0
 20
-146.0
 10
452.6923076923077
 20
-144.76923076923077
 10
456.38461538461536
 20
-143.53846153846155
 10
460.0769230769231
 20
-142.30769230769232
 10
463.7692307692308
 20
-141.07692307692307
 10
467.46153846153845
 20
-139.84615384615384
 10
471.15384615384613
 20
-138.6153846153846
 10
474.84615384615387
 20
-137.3846153846154
 10
478.53846153846155
 20
-136.15384615384616
 10
482.2307692307692
 20
-134.92307692307693
 10
485.9230769230769
 20
-133.69230769230768
 10
489.61538461538464
 20
-132.46153846153845
 10
493.3076923076923
 20
-131.23076923076923
 10
497.0
 20
-130.0
 10
500.6363636363636
 20
-129.1818181818182
 10
504.27272727272725
 20
-128.36363636363637
 10
507.90909090909093
 20
-127.54545454545455
 10
511.54545454545456
 20
-126.72727272727273
 10
515.1818181818181
 20
-125.9090909090909
 10
518.8181818181819
 20
-125.0909090909091
 10
522.4545454545455
 20
-124.27272727272727
 10
526.0909090909091
 20
-123.45454545454545
 10
529.7272727272727
 20
-122.63636363636364
 10
533.3636363636364
 20
-121.81818181818181
 10
537.0
 20
-121.0
 10
540.8888888888889
 20
-120.44444444444444
 10
544.7777777777778
 20
-119.88888888888889
 10
548.6666666666666
 20
-119.33333333333333
 10
552.5555555555555
 20
-118.77777777777777
 10
556.4444444444445
 20
-118.22222222222223
 10
560.3333333333334
 20
-117.66666666666667
 10
564.2222222222222
 20
-117.11111111111111
 10
568.1111111111111
 20
-116.55555555555556
 10
572.0
 20
-116.0
 10
575.6666666666666
 20
-115.75
 10
579.3333333333334
 20
-115.5
 10
583.0
 20
-115.25
 10
586.6666666666666
 20
-115.0
 10
590.3333333333334
 20
-114.75
 10
594.0
 20
-114.5
 10
597.6666666666666
 20
-114.25
 10
601.3333333333334
 20
-114.0
 10
605.0
 20
-113.75
 10
608.6666666666666
 20
-113.5
 10
612.3333333333334
 20
-113.25
 10
616.0
 20
-113.0
  0
LWPOLYLINE
  5
8C
330
17
100
AcDbEntity
  8
0
100
AcDbPolyline
 90
449
 70
1
 10
784.0
 20
-971.0
 10
781.7777777777778
 20
-968.1111111111111
 10
779.5555555555555
 20
-965.2222222222222
 10
777.3333333333334
 20
-962.3333333333334
 10
775.1111111111111
 20
-959.4444444444445
 10
772.8888888888889
 20
-956.5555555555555
 10
770.6666666666666
 20
-953.6666666666666
 10
768.4444444444445
 20
-950.7777777777778
 10
766.2222222222222
 20
-947.8888888888889
 10
764.0
 20
-945.0
 10
761.4
 20
-943.0
 10
758.8
 20
-941.0
 10
756.2
 20
-939.0
 10
753.6
 20
-937.0
 10
751.0
 20
-935.0
 10
747.8333333333334
 20
-933.3333333333334
 10
744.6666666666666
 20
-931.6666666666666
 10
741.5
 20
-930.0
 10
738.3333333333334
 20
-928.3333333333334
 10
735.1666666666666
 20
-926.6666666666666
 10
732.0
 20
-925.0
 10
728.5454545454545
 20
-923.7272727272727
 10
725.0909090909091
 20
-922.4545454545455
 10
721.6363636363636
 20
-921.1818181818181
 10
718.1818181818181
 20
-919.9090909090909
 10
714.7272727272727
 20
-918.6363636363636
 10
711.2727272727273
 20
-917.3636363636364
 10
707.8181818181819
 20
-916.0909090909091
 10
704.3636363636364
 20
-914.8181818181819
 10
700.9090909090909
 20
-913.5454545454545
 10
697.4545454545455
 20
-912.2727272727273
 10
694.0
 20
-911.0
 10
690.8
 20
-909.4
 10
687.6
 20
-907.8
 10
684.4
 20
-906.2
 10
681.2
 20
-904.6
 10
678.0
 20
-903.0
 10
675.0
 20
-901.0
 10
672.0
 20
-899.0
 10
669.0
 20
-897.0
 10
666.0
 20
-895.0
 10
663.0
 20
-893.0
 10
660.6
 20
-890.8
 10
658.2
 20
-888.6
 10
655.8
 20
-886.4
 10
653.4
 20
-884.2
 10
651.0
 20
-882.0
 10
649.0
 20
-879.0
 10
647.0
 20
-876.0
 10
645.0
 20
-873.0
 10
643.0
 20
-870.0
 10
641.0
 20
-867.0
 10
639.0
 20
-864.0
 10
637.0
 20
-861.0
 10
633.1666666666666
 20
-861.1666666666666
 10
629.3333333333334
 20
-861.3333333333334
 10
625.5
 20
-861.5
 10
621.6666666666666
 20
-861.6666666666666
 10
617.8333333333334
 20
-861.8333333333334
 10
614.0
 20
-862.0
 10
612.1666666666666
 20
-865.0
 10
610.3333333333334
 20
-868.0
 10
608.5
 20
-871.0
 10
606.6666666666666
 20
-874.0
 10
604.8333333333334
 20
-877.0
 10
603.0
 20
-880.0
 10
600.0
 20
-882.5
 10
597.0
 20
-885.0
 10
594.0
 20
-887.5
 10
591.0
 20
-890.0
 10
588.0
 20
-892.5
 10
585.0
 20
-895.0
 10
582.0
 20
-897.5
 10
579.0
 20
-900.0
 10
575.5
 20
-901.75
 10
572.0
 20
-903.5
 10
568.5
 20
-905.25
 10
565.0
 20
-907.0
 10
561.5
 20
-908.75
 10
558.0
 20
-910.5
 10
554.5
 20
-912.25
 10
551.0
 20
-914.0
 10
547.5454545454545
 20
-915.2727272727273
 10
544.0909090909091
 20
-916.5454545454545
 10
540.6363636363636
 20
-917.8181818181819
 10
537.1818181818181
 20
-919.0909090909091
 10
533.7272727272727
 20
-920.3636363636364
 10
530.2727272727273
 20
-921.6363636363636
 10
526.8181818181819
 20
-922.9090909090909
 10
523.3636363636364
 20
-924.1818181818181
 10
519.9090909090909
 20
-925.4545454545455
 10
516.4545454545455
 20
-926.7272727272727
 10
513.0
 20
-928.0
 10
510.0
 20
-930.0
 10
507.0
 20
-932.0
 10
504.0
 20
-934.0
 10
501.0
 20
-936.0
 10
498.0
 20
-938.0
 10
495.0
 20
-940.0
 10
492.0
 20
-942.0
 10
489.0
 20
-944.0
 10
486.8
 20
-946.4
 10
484.6
 20
-948.8
 10
482.4
 20
-951.2
 10
480.2
 20
-953.6
 10
478.0
 20
-956.0
 10
476.0
 20
-959.0
 10
474.0
 20
-962.0
 10
472.0
 20
-965.0
 10
470.0
 20
-968.0
 10
468.0
 20
-971.0
 10
466.6666666666667
 20
-974.1666666666666
 10
465.3333333333333
 20
-977.3333333333334
 10
464.0
 20
-980.5
 10
462.6666666666667
 20
-983.6666666666666
 10
461.3333333333333
 20
-986.8333333333334
 10
460.0
 20
-990.0
 10
459.4
 20
-993.2
 10
458.8
 20
-996.4
 10
458.2
 20
-999.6
 10
457.6
 20
-1002.8
 10
457.0
 20
-1006.0
 10
459.3
 20
-1003.2
 10
461.6
 20
-1000.4
 10
463.9
 20
-997.6
 10
466.2
 20
-994.8
 10
468.5
 20
-992.0
 10
470.8
 20
-989.2
 10
473.1
 20
-986.4
 10
475.4
 20
-983.6
 10
477.7
 20
-980.8
 10
480.0
 20
-978.0
 10
482.875
 20
-975.5
 10
485.75
 20
-973.0
 10
488.625
 20
-970.5
 10
491.5
 20
-968.0
 10
494.375
 20
-965.5
 10
497.25
 20
-963.0
 10
500.125
 20
-960.5
 10
503.0
 20
-958.0
 10
506.42857142857144
 20
-956.1428571428571
 10
509.85714285714283
 20
-954.2857142857143
 10
513.2857142857143
 20
-952.4285714285714
 10
516.7142857142857
 20
-950.5714285714286
 10
520.1428571428571
 20
-948.7142857142857
 10
523.5714285714286
 20
-946.8571428571429
 10
527.0
 20
-945.0
 10
530.7142857142857
 20
-943.7142857142857
 10
534.4285714285714
 20
-942.4285714285714
 10
538.1428571428571
 20
-941.1428571428571
 10
541.8571428571429
 20
-939.8571428571429
 10
545.5714285714286
 20
-938.5714285714286
 10
549.2857142857143
 20
-937.2857142857143
 10
553.0
 20
-936.0
 10
556.5714285714286
 20
-934.2857142857143
 10
560.1428571428571
 20
-932.5714285714286
 10
563.7142857142857
 20
-930.8571428571429
 10
567.2857142857143
 20
-929.1428571428571
 10
570.8571428571429
 20
-927.4285714285714
 10
574.4285714285714
 20
-925.7142857142857
 10
578.0
 20
-924.0
 10
581.0
 20
-922.0
 10
584.0
 20
-920.0
 10
587.0
 20
-918.0
 10
590.0
 20
-916.0
 10
593.0
 20
-914.0
 10
596.0
 20
-912.0
 10
598.5714285714286
 20
-909.5714285714286
 10
601.1428571428571
 20
-907.1428571428571
 10
603.7142857142857
 20
-904.7142857142857
 10
606.2857142857143
 20
-902.2857142857143
 10
608.8571428571429
 20
-899.8571428571429
 10
611.4285714285714
 20
-897.4285714285714
 10
614.0
 20
-895.0
 10
617.0
 20
-896.0
 10
617.0
 20
-900.0
 10
617.0
 20
-904.0
 10
617.0
 20
-908.0
 10
617.0
 20
-912.0
 10
617.0
 20
-916.0
 10
617.0
 20
-920.0
 10
617.0
 20
-924.0
 10
617.0
 20
-928.0
 10
617.0
 20
-932.0
 10
617.0
 20
-936.0
 10
616.25
 20
-939.0
 10
615.5
 20
-942.0
 10
614.75
 20
-945.0
 10
614.0
 20
-948.0
 10
612.1666666666666
 20
-951.1666666666666
 10
610.3333333333334
 20
-954.3333333333334
 10
608.5
 20
-957.5
 10
606.6666666666666
 20
-960.6666666666666
 10
604.8333333333334
 20
-963.8333333333334
 10
603.0
 20
-967.0
 10
600.2
 20
-969.5
 10
597.4
 20
-972.0
 10
594.6
 20
-974.5
 10
591.8
 20
-977.0
 10
589.0
 20
-979.5
 10
586.2
 20
-982.0
 10
583.4
 20
-984.5
 10
580.6
 20
-987.0
 10
577.8
 20
-989.5
 10
575.0
 20
-992.0
 10
572.7142857142857
 20
-994.7142857142857
 10
570.4285714285714
 20
-997.4285714285714
 10
568.1428571428571
 20
-1000.1428571428571
 10
565.8571428571429
 20
-1002.8571428571429
 10
563.5714285714286
 20
-1005.5714285714286
 10
561.2857142857143
 20
-1008.2857142857143
 10
559.0
 20
-1011.0
 10
557.8333333333334
 20
-1014.1666666666666
 10
556.6666666666666
 20
-1017.3333333333334
 10
555.5
 20
-1020.5
 10
554.3333333333334
 20
-1023.6666666666666
 10
553.1666666666666
 20
-1026.8333333333333
 10
552.0
 20
-1030.0
 10
552.0
 20
-1033.5
 10
552.0
 20
-1037.0
 10
552.0
 20
-1040.5
 10
552.0
 20
-1044.0
 10
552.0
 20
-1047.5
 10
552.0
 20
-1051.0
 10
553.4
 20
-1047.6
 10
554.8
 20
-1044.2
 10
556.2
 20
-1040.8
 10
557.6
 20
-1037.4
 10
559.0
 20
-1034.0
 10
560.8
 20
-1031.2
 10
562.6
 20
-1028.4
 10
564.4
 20
-1025.6
 10
566.2
 20
-1022.8
 10
568.0
 20
-1020.0
 10
570.5
 20
-1017.5
 10
573.0
 20
-1015.0
 10
575.5
 20
-1012.5
 10
578.0
 20
-1010.0
 10
580.5
 20
-1007.5
 10
583.0
 20
-1005.0
 10
586.1428571428571
 20
-1002.7142857142857
 10
589.2857142857143
 20
-1000.4285714285714
 10
592.4285714285714
 20
-998.1428571428571
 10
595.5714285714286
 20
-995.8571428571429
 10
598.7142857142857
 20
-993.5714285714286
 10
601.8571428571429
 20
-991.2857142857143
 10
605.0
 20
-989.0
 10
607.25
 20
-986.75
 10
609.5
 20
-984.5
 10
611.75
 20
-982.25
 10
614.0
 20
-980.0
 10
617.0
 20
-981.0
 10
617.0555555555555
 20
-984.7777777777778
 10
617.1111111111111
 20
-988.5555555555555
 10
617.1666666666666
 20
-992.3333333333334
 10
617.2222222222222
 20
-996.1111111111111
 10
617.2777777777778
 20
-999.8888888888889
 10
617.3333333333334
 20
-1003.6666666666666
 10
617.3888888888889
 20
-1007.4444444444445
 10
617.4444444444445
 20
-1011.2222222222222
 10
617.5
 20
-1015.0
 10
617.5555555555555
 20
-1018.7777777777778
 10
617.6111111111111
 20
-1022.5555555555555
 10
617.6666666666666
 20
-1026.3333333333333
 10
617.7222222222222
 20
-1030.111111111111
 10
617.7777777777778
 20
-1033.888888888889
 10
617.8333333333334
 20
-1037.6666666666667
 10
617.8888888888889
 20
-1041.4444444444443
 10
617.9444444444445
 20
-1045.2222222222222
 10
618.0
 20
-1049.0
 10
618.8
 20
-1052.6
 10
619.6
 20
-1056.2
 10
620.4
 20
-1059.8
 10
621.2
 20
-1063.4
 10
622.0
 20
-1067.0
 10
622.8
 20
-1070.6
 10
623.6
 20
-1074.2
 10
624.4
 20
-1077.8
 10
625.2
 20
-1081.4
 10
626.0
 20
-1085.0
 10
626.7272727272727
 20
-1081.3636363636363
 10
627.4545454545455
 20
-1077.7272727272727
 10
628.1818181818181
 20
-1074.090909090909
 10
628.9090909090909
 20
-1070.4545454545455
 10
629.6363636363636
 20
-1066.8181818181818
 10
630.3636363636364
 20
-1063.1818181818182
 10
631.0909090909091
 20
-1059.5454545454545
 10
631.8181818181819
 20
-1055.909090909091
 10
632.5454545454545
 20
-1052.2727272727273
 10
633.2727272727273
 20
-1048.6363636363637
 10
634.0
 20
-1045.0
 10
634.0588235294117
 20
-1041.1176470588234
 10
634.1176470588235
 20
-1037.235294117647
 10
634.1764705882352
 20
-1033.3529411764705
 10
634.2352941176471
 20
-1029.4705882352941
 10
634.2941176470588
 20
-1025.5882352941176
 10
634.3529411764706
 20
-1021.7058823529412
 10
634.4117647058823
 20
-1017.8235294117648
 10
634.4705882352941
 20
-1013.9411764705883
 10
634.5294117647059
 20
-1010.0588235294117
 10
634.5882352941177
 20
-1006.1764705882352
 10
634.6470588235294
 20
-1002.2941176470588
 10
634.7058823529412
 20
-998.4117647058823
 10
634.7647058823529
 20
-994.5294117647059
 10
634.8235294117648
 20
-990.6470588235294
 10
634.8823529411765
 20
-986.7647058823529
 10
634.9411764705883
 20
-982.8823529411765
 10
635.0
 20
-979.0
 10
637.9166666666666
 20
-981.25
 10
640.8333333333334
 20
-983.5
 10
643.75
 20
-985.75
 10
646.6666666666666
 20
-988.0
 10
649.5833333333334
 20
-990.25
 10
652.5
 20
-992.5
 10
655.4166666666666
 20
-994.75
 10
658.3333333333334
 20
-997.0
 10
661.25
 20
-999.25
 10
664.1666666666666
 20
-1001.5
 10
667.0833333333334
 20
-1003.75
 10
670.0
 20
-1006.0
 10
672.8
 20
-1008.8
 10
675.6
 20
-1011.6
 10
678.4
 20
-1014.4
 10
681.2
 20
-1017.2
 10
684.0
 20
-1020.0
 10
685.8
 20
-1022.8
 10
687.6
 20
-1025.6
 10
689.4
 20
-1028.4
 10
691.2
 20
-1031.2
 10
693.0
 20
-1034.0
 10
694.4
 20
-1037.4
 10
695.8
 20
-1040.8
 10
697.2
 20
-1044.2
 10
698.6
 20
-1047.6
 10
700.0
 20
-1051.0
 10
700.2
 20
-1047.8
 10
700.4
 20
-1044.6
 10
700.6
 20
-1041.4
 10
700.8
 20
-1038.2
 10
701.0
 20
-1035.0
 10
699.8571428571429
 20
-1031.5714285714287
 10
698.7142857142857
 20
-1028.142857142857
 10
697.5714285714286
 20
-1024.7142857142858
 10
696.4285714285714
 20
-1021.2857142857143
 10
695.2857142857143
 20
-1017.8571428571429
 10
694.1428571428571
 20
-1014.4285714285714
 10
693.0
 20
-1011.0
 10
690.5
 20
-1008.0
 10
688.0
 20
-1005.0
 10
685.5
 20
-1002.0
 10
683.0
 20
-999.0
 10
680.5
 20
-996.0
 10
678.0
 20
-993.0
 10
675.2222222222222
 20
-990.6666666666666
 10
672.4444444444445
 20
-988.3333333333334
 10
669.6666666666666
 20
-986.0
 10
666.8888888888889
 20
-983.6666666666666
 10
664.1111111111111
 20
-981.3333333333334
 10
661.3333333333334
 20
-979.0
 10
658.5555555555555
 20
-976.6666666666666
 10
655.7777777777778
 20
-974.3333333333334
 10
653.0
 20
-972.0
 10
651.0
 20
-969.0
 10
649.0
 20
-966.0
 10
647.0
 20
-963.0
 10
645.0
 20
-960.0
 10
643.0
 20
-957.0
 10
641.0
 20
-954.0
 10
639.0
 20
-951.0
 10
638.0
 20
-947.5
 10
637.0
 20
-944.0
 10
636.0
 20
-940.5
 10
635.0
 20
-937.0
 10
635.0
 20
-933.0909090909091
 10
635.0
 20
-929.1818181818181
 10
635.0
 20
-925.2727272727273
 10
635.0
 20
-921.3636363636364
 10
635.0
 20
-917.4545454545455
 10
635.0
 20
-913.5454545454545
 10
635.0
 20
-909.6363636363636
 10
635.0
 20
-905.7272727272727
 10
635.0
 20
-901.8181818181818
 10
635.0
 20
-897.9090909090909
 10
635.0
 20
-894.0
 10
637.0
 20
-894.0
 10
639.7142857142857
 20
-896.5714285714286
 10
642.4285714285714
 20
-899.1428571428571
 10
645.1428571428571
 20
-901.7142857142857
 10
647.8571428571429
 20
-904.2857142857143
 10
650.5714285714286
 20
-906.8571428571429
 10
653.2857142857143
 20
-909.4285714285714
 10
656.0
 20
-912.0
 10
659.0
 20
-914.0
 10
662.0
 20
-916.0
 10
665.0
 20
-918.0
 10
668.0
 20
-920.0
 10
671.0
 20
-922.0
 10
674.0
 20
-924.0
 10
677.0
 20
-925.5
 10
680.0
 20
-927.0
 10
683.0
 20
-928.5
 10
686.0
 20
-930.0
 10
689.0
 20
-931.5
 10
692.0
 20
-933.0
 10
695.5
 20
-934.3
 10
699.0
 20
-935.6
 10
702.5
 20
-936.9
 10
706.0
 20
-938.2
 10
709.5
 20
-939.5
 10
713.0
 20
-940.8
 10
716.5
 20
-942.1
 10
720.0
 20
-943.4
 10
723.5
 20
-944.7
 10
727.0
 20
-946.0
 10
730.25
 20
-947.875
 10
733.5
 20
-949.75
 10
736.75
 20
-951.625
 10
740.0
 20
-953.5
 10
743.25
 20
-955.375
 10
746.5
 20
-957.25
 10
749.75
 20
-959.125
 10
753.0
 20
-961.0
 10
755.7142857142857
 20
-963.4285714285714
 10
758.4285714285714
 20
-965.8571428571429
 10
761.1428571428571
 20
-968.2857142857143
 10
763.8571428571429
 20
-970.7142857142857
 10
766.5714285714286
 20
-973.1428571428571
 10
769.2857142857143
 20
-975.5714285714286
 10
772.0
 20
-978.0
 10
774.3
 20
-980.8
 10
776.6
 20
-983.6
 10
778.9
 20
-986.4
 10
781.2
 20
-989.2
 10
783.5
 20
-992.0
 10
785.8
 20
-994.8
 10
788.1
 20
-997.6
 10
790.4
 20
-1000.4
 10
792.7
 20
-1003.2
 10
795.0
 20
-1006.0
 10
793.9
 20
-1002.5
 10
792.8
 20
-999.0
 10
791.7
 20
-995.5
 10
790.6
 20
-992.0
 10
789.5
 20
-988.5
 10
788.4
 20
-985.0
 10
787.3
 20
-981.5
 10
786.2
 20
-978.0
 10
785.1
 20
-974.5
 10
784.0
 20
-971.0
  0
LWPOLYLINE
  5
8D
330
17
100
AcDbEntity
  8
0
100
AcDbPolyline
 90
176
 70
1
 10
740.0
 20
-895.0
 10
743.75
 20
-896.0
 10
747.5
 20
-897.0
 10
751.25
 20
-898.0
 10
755.0
 20
-899.0
 10
758.7142857142857
 20
-898.8571428571429
 10
762.4285714285714
 20
-898.7142857142857
 10
766.1428571428571
 20
-898.5714285714286
 10
769.8571428571429
 20
-898.4285714285714
 10
773.5714285714286
 20
-898.2857142857143
 10
777.2857142857143
 20
-898.1428571428571
 10
781.0
 20
-898.0
 10
784.6666666666666
 20
-896.6666666666666
 10
788.3333333333334
 20
-895.3333333333334
 10
792.0
 20
-894.0
 10
795.6666666666666
 20
-892.6666666666666
 10
799.3333333333334
 20
-891.3333333333334
 10
803.0
 20
-890.0
 10
806.6666666666666
 20
-888.6666666666666
 10
810.3333333333334
 20
-887.3333333333334
 10
814.0
 20
-886.0
 10
817.6666666666666
 20
-884.6666666666666
 10
821.3333333333334
 20
-883.3333333333334
 10
825.0
 20
-882.0
 10
828.8571428571429
 20
-881.2857142857143
 10
832.7142857142857
 20
-880.5714285714286
 10
836.5714285714286
 20
-879.8571428571429
 10
840.4285714285714
 20
-879.1428571428571
 10
844.2857142857143
 20
-878.4285714285714
 10
848.1428571428571
 20
-877.7142857142857
 10
852.0
 20
-877.0
 10
855.625
 20
-877.25
 10
859.25
 20
-877.5
 10
862.875
 20
-877.75
 10
866.5
 20
-878.0
 10
870.125
 20
-878.25
 10
873.75
 20
-878.5
 10
877.375
 20
-878.75
 10
881.0
 20
-879.0
 10
884.6666666666666
 20
-879.8666666666667
 10
888.3333333333334
 20
-880.7333333333333
 10
892.0
 20
-881.6
 10
895.6666666666666
 20
-882.4666666666667
 10
899.3333333333334
 20
-883.3333333333334
 10
903.0
 20
-884.2
 10
906.6666666666666
 20
-885.0666666666667
 10
910.3333333333334
 20
-885.9333333333333
 10
914.0
 20
-886.8
 10
917.6666666666666
 20
-887.6666666666666
 10
921.3333333333334
 20
-888.5333333333333
 10
925.0
 20
-889.4
 10
928.6666666666666
 20
-890.2666666666667
 10
932.3333333333334
 20
-891.1333333333333
 10
936.0
 20
-892.0
 10
939.875
 20
-891.875
 10
943.75
 20
-891.75
 10
947.625
 20
-891.625
 10
951.5
 20
-891.5
 10
955.375
 20
-891.375
 10
959.25
 20
-891.25
 10
963.125
 20
-891.125
 10
967.0
 20
-891.0
 10
970.5
 20
-890.0
 10
974.0
 20
-889.0
 10
977.5
 20
-888.0
 10
981.0
 20
-887.0
 10
984.5
 20
-886.0
 10
988.0
 20
-885.0
 10
991.125
 20
-883.25
 10
994.25
 20
-881.5
 10
997.375
 20
-879.75
 10
1000.5
 20
-878.0
 10
1003.625
 20
-876.25
 10
1006.75
 20
-874.5
 10
1009.875
 20
-872.75
 10
1013.0
 20
-871.0
 10
1015.625
 20
-868.625
 10
1018.25
 20
-866.25
 10
1020.875
 20
-863.875
 10
1023.5
 20
-861.5
 10
1026.125
 20
-859.125
 10
1028.75
 20
-856.75
 10
1031.375
 20
-854.375
 10
1034.0
 20
-852.0
 10
1036.0
 20
-849.4
 10
1038.0
 20
-846.8
 10
1040.0
 20
-844.2
 10
1042.0
 20
-841.6
 10
1044.0
 20
-839.0
 10
1040.625
 20
-840.375
 10
1037.25
 20
-841.75
 10
1033.875
 20
-843.125
 10
1030.5
 20
-844.5
 10
1027.125
 20
-845.875
 10
1023.75
 20
-847.25
 10
1020.375
 20
-848.625
 10
1017.0
 20
-850.0
 10
1013.4444444444445
 20
-850.3333333333334
 10
1009.8888888888889
 20
-850.6666666666666
 10
1006.3333333333334
 20
-851.0
 10
1002.7777777777778
 20
-851.3333333333334
 10
999.2222222222222
 20
-851.6666666666666
 10
995.6666666666666
 20
-852.0
 10
992.1111111111111
 20
-852.3333333333334
 10
988.5555555555555
 20
-852.6666666666666
 10
985.0
 20
-853.0
 10
981.2857142857143
 20
-852.4285714285714
 10
977.5714285714286
 20
-851.8571428571429
 10
973.8571428571429
 20
-851.2857142857143
 10
970.1428571428571
 20
-850.7142857142857
 10
966.4285714285714
 20
-850.1428571428571
 10
962.7142857142857
 20
-849.5714285714286
 10
959.0
 20
-849.0
 10
955.2857142857143
 20
-848.0
 10
951.5714285714286
 20
-847.0
 10
947.8571428571429
 20
-846.0
 10
944.1428571428571
 20
-845.0
 10
940.4285714285714
 20
-844.0
 10
936.7142857142857
 20
-843.0
 10
933.0
 20
-842.0
 10
929.2857142857143
 20
-841.0
 10
925.5714285714286
 20
-840.0
 10
921.8571428571429
 20
-839.0
 10
918.1428571428571
 20
-838.0
 10
914.4285714285714
 20
-837.0
 10
910.7142857142857
 20
-836.0
 10
907.0
 20
-835.0
 10
903.5714285714286
 20
-834.8571428571429
 10
900.1428571428571
 20
-834.7142857142857
 10
896.7142857142857
 20
-834.5714285714286
 10
893.2857142857143
 20
-834.4285714285714
 10
889.8571428571429
 20
-834.2857142857143
 10
886.4285714285714
 20
-834.1428571428571
 10
883.0
 20
-834.0
 10
879.25
 20
-834.5
 10
875.5
 20
-835.0
 10
871.75
 20
-835.5
 10
868.0
 20
-836.0
 10
864.4
 20
-837.0
 10
860.8
 20
-838.0
 10
857.2
 20
-839.0
 10
853.6
 20
-840.0
 10
850.0
 20
-841.0
 10
846.8571428571429
 20
-842.4285714285714
 10
843.7142857142857
 20
-843.8571428571429
 10
840.5714285714286
 20
-845.2857142857143
 10
837.4285714285714
 20
-846.7142857142857
 10
834.2857142857143
 20
-848.1428571428571
 10
831.1428571428571
 20
-849.5714285714286
 10
828.0
 20
-851.0
 10
824.7142857142857
 20
-853.1428571428571
 10
821.4285714285714
 20
-855.2857142857143
 10
818.1428571428571
 20
-857.4285714285714
 10
814.8571428571429
 20
-859.5714285714286
 10
811.5714285714286
 20
-861.7142857142857
 10
808.2857142857143
 20
-863.8571428571429
 10
805.0
 20
-866.0
 10
801.7142857142857
 20
-868.1428571428571
 10
798.4285714285714
 20
-870.2857142857143
 10
795.1428571428571
 20
-872.4285714285714
 10
791.8571428571429
 20
-874.5714285714286
 10
788.5714285714286
 20
-876.7142857142857
 10
785.2857142857143
 20
-878.8571428571429
 10
782.0
 20
-881.0
 10
778.8
 20
-882.6
 10
775.6
 20
-884.2
 10
772.4
 20
-885.8
 10
769.2
 20
-887.4
 10
766.0
 20
-889.0
 10
762.25
 20
-890.25
 10
758.5
 20
-891.5
 10
754.75
 20
-892.75
 10
751.0
 20
-894.0
 10
747.3333333333334
 20
-894.3333333333334
 10
743.6666666666666
 20
-894.6666666666666
 10
740.0
 20
-895.0
  0
LWPOLYLINE
  5
8E
330
17
100
AcDbEntity
  8
0
100
AcDbPolyline
 90
175
 70
1
 10
208.0
 20
-839.0
 10
210.0
 20
-841.6
 10
212.0
 20
-844.2
 10
214.0
 20
-846.8
 10
216.0
 20
-849.4
 10
218.0
 20
-852.0
 10
220.625
 20
-854.375
 10
223.25
 20
-856.75
 10
225.875
 20
-859.125
 10
228.5
 20
-861.5
 10
231.125
 20
-863.875
 10
233.75
 20
-866.25
 10
236.375
 20
-868.625
 10
239.0
 20
-871.0
 10
242.125
 20
-872.75
 10
245.25
 20
-874.5
 10
248.375
 20
-876.25
 10
251.5
 20
-878.0
 10
254.625
 20
-879.75
 10
257.75
 20
-881.5
 10
260.875
 20
-883.25
 10
264.0
 20
-885.0
 10
267.6666666666667
 20
-886.0
 10
271.3333333333333
 20
-887.0
 10
275.0
 20
-888.0
 10
278.6666666666667
 20
-889.0
 10
282.3333333333333
 20
-890.0
 10
286.0
 20
-891.0
 10
289.75
 20
-891.125
 10
293.5
 20
-891.25
 10
297.25
 20
-891.375
 10
301.0
 20
-891.5
 10
304.75
 20
-891.625
 10
308.5
 20
-891.75
 10
312.25
 20
-891.875
 10
316.0
 20
-892.0
 10
319.6666666666667
 20
-891.1333333333333
 10
323.3333333333333
 20
-890.2666666666667
 10
327.0
 20
-889.4
 10
330.6666666666667
 20
-888.5333333333333
 10
334.3333333333333
 20
-887.6666666666666
 10
338.0
 20
-886.8
 10
341.6666666666667
 20
-885.9333333333333
 10
345.3333333333333
 20
-885.0666666666667
 10
349.0
 20
-884.2
 10
352.6666666666667
 20
-883.3333333333334
 10
356.3333333333333
 20
-882.4666666666667
 10
360.0
 20
-881.6
 10
363.6666666666667
 20
-880.7333333333333
 10
367.3333333333333
 20
-879.8666666666667
 10
371.0
 20
-879.0
 10
374.5
 20
-878.75
 10
378.0
 20
-878.5
 10
381.5
 20
-878.25
 10
385.0
 20
-878.0
 10
388.5
 20
-877.75
 10
392.0
 20
-877.5
 10
395.5
 20
-877.25
 10
399.0
 20
-877.0
 10
402.3333333333333
 20
-877.5
 10
405.6666666666667
 20
-878.0
 10
409.0
 20
-878.5
 10
412.3333333333333
 20
-879.0
 10
415.6666666666667
 20
-879.5
 10
419.0
 20
-880.0
 10
422.6666666666667
 20
-881.3333333333334
 10
426.3333333333333
 20
-882.6666666666666
 10
430.0
 20
-884.0
 10
433.6666666666667
 20
-885.3333333333334
 10
437.3333333333333
 20
-886.6666666666666
 10
441.0
 20
-888.0
 10
444.6666666666667
 20
-889.3333333333334
 10
448.3333333333333
 20
-890.6666666666666
 10
452.0
 20
-892.0
 10
455.6666666666667
 20
-893.3333333333334
 10
459.3333333333333
 20
-894.6666666666666
 10
463.0
 20
-896.0
 10
466.75
 20
-896.75
 10
470.5
 20
-897.5
 10
474.25
 20
-898.25
 10
478.0
 20
-899.0
 10
482.0
 20
-899.0
 10
486.0
 20
-899.0
 10
490.0
 20
-899.0
 10
494.0
 20
-899.0
 10
498.0
 20
-899.0
 10
501.5
 20
-898.0
 10
505.0
 20
-897.0
 10
508.5
 20
-896.0
 10
512.0
 20
-895.0
 10
508.25
 20
-894.5
 10
504.5
 20
-894.0
 10
500.75
 20
-893.5
 10
497.0
 20
-893.0
 10
493.8
 20
-891.8
 10
490.6
 20
-890.6
 10
487.4
 20
-889.4
 10
484.2
 20
-888.2
 10
481.0
 20
-887.0
 10
477.6470588235294
 20
-884.8823529411765
 10
474.29411764705884
 20
-882.7647058823529
 10
470.94117647058823
 20
-880.6470588235294
 10
467.5882352941176
 20
-878.5294117647059
 10
464.2352941176471
 20
-876.4117647058823
 10
460.88235294117646
 20
-874.2941176470588
 10
457.52941176470586
 20
-872.1764705882352
 10
454.1764705882353
 20
-870.0588235294117
 10
450.8235294117647
 20
-867.9411764705883
 10
447.47058823529414
 20
-865.8235294117648
 10
444.11764705882354
 20
-863.7058823529412
 10
440.7647058823529
 20
-861.5882352941177
 10
437.4117647058824
 20
-859.4705882352941
 10
434.05882352941177
 20
-857.3529411764706
 10
430.70588235294116
 20
-855.2352941176471
 10
427.3529411764706
 20
-853.1176470588235
 10
424.0
 20
-851.0
 10
420.85714285714283
 20
-849.5714285714286
 10
417.7142857142857
 20
-848.1428571428571
 10
414.57142857142856
 20
-846.7142857142857
 10
411.42857142857144
 20
-845.2857142857143
 10
408.2857142857143
 20
-843.8571428571429
 10
405.14285714285717
 20
-842.4285714285714
 10
402.0
 20
-841.0
 10
398.1666666666667
 20
-840.0
 10
394.3333333333333
 20
-839.0
 10
390.5
 20
-838.0
 10
386.6666666666667
 20
-837.0
 10
382.8333333333333
 20
-836.0
 10
379.0
 20
-835.0
 10
375.22222222222223
 20
-835.0
 10
371.44444444444446
 20
-835.0
 10
367.6666666666667
 20
-835.0
 10
363.8888888888889
 20
-835.0
 10
360.1111111111111
 20
-835.0
 10
356.3333333333333
 20
-835.0
 10
352.55555555555554
 20
-835.0
 10
348.77777777777777
 20
-835.0
 10
345.0
 20
-835.0
 10
341.2
 20
-836.0
 10
337.4
 20
-837.0
 10
333.6
 20
-838.0
 10
329.8
 20
-839.0
 10
326.0
 20
-840.0
 10
322.2
 20
-841.0
 10
318.4
 20
-842.0
 10
314.6
 20
-843.0
 10
310.8
 20
-844.0
 10
307.0
 20
-845.0
 10
303.2
 20
-846.0
 10
299.4
 20
-847.0
 10
295.6
 20
-848.0
 10
291.8
 20
-849.0
 10
288.0
 20
-850.0
 10
284.3333333333333
 20
-850.5
 10
280.6666666666667
 20
-851.0
 10
277.0
 20
-851.5
 10
273.3333333333333
 20
-852.0
 10
269.6666666666667
 20
-852.5
 10
266.0
 20
-853.0
 10
262.2857142857143
 20
-852.7142857142857
 10
258.57142857142856
 20
-852.4285714285714
 10
254.85714285714286
 20
-852.1428571428571
 10
251.14285714285714
 20
-851.8571428571429
 10
247.42857142857142
 20
-851.5714285714286
 10
243.71428571428572
 20
-851.2857142857143
 10
240.0
 20
-851.0
 10
236.44444444444446
 20
-849.6666666666666
 10
232.88888888888889
 20
-848.3333333333334
 10
229.33333333333334
 20
-847.0
 10
225.77777777777777
 20
-845.6666666666666
 10
222.22222222222223
 20
-844.3333333333334
 10
218.66666666666666
 20
-843.0
 10
215.11111111111111
 20
-841.6666666666666
 10
211.55555555555554
 20
-840.3333333333334
 10
208.0
 20
-839.0
  0
LWPOLYLINE
  5
8F
330
17
100
AcDbEntity
  8
0
100
AcDbPolyline
 90
186
 70
1
 10
508.0
 20
-818.0
 10
508.0
 20
-821.8888888888889
 10
508.0
 20
-825.7777777777778
 10
508.0
 20
-829.6666666666666
 10
508.0
 20
-833.5555555555555
 10
508.0
 20
-837.4444444444445
 10
508.0
 20
-841.3333333333334
 10
508.0
 20
-845.2222222222222
 10
508.0
 20
-849.1111111111111
 10
508.0
 20
-853.0
 10
511.9830508474576
 20
-853.0
 10
515.9661016949152
 20
-853.0
 10
519.9491525423729
 20
-853.0
 10
523.9322033898305
 20
-853.0
 10
527.9152542372881
 20
-853.0
 10
531.8983050847457
 20
-853.0
 10
535.8813559322034
 20
-853.0
 10
539.8644067796611
 20
-853.0
 10
543.8474576271186
 20
-853.0
 10
547.8305084745763
 20
-853.0
 10
551.8135593220339
 20
-853.0
 10
555.7966101694915
 20
-853.0
 10
559.7796610169491
 20
-853.0
 10
563.7627118644068
 20
-853.0
 10
567.7457627118644
 20
-853.0
 10
571.728813559322
 20
-853.0
 10
575.7118644067797
 20
-853.0
 10
579.6949152542372
 20
-853.0
 10
583.6779661016949
 20
-853.0
 10
587.6610169491526
 20
-853.0
 10
591.6440677966102
 20
-853.0
 10
595.6271186440678
 20
-853.0
 10
599.6101694915254
 20
-853.0
 10
603.5932203389831
 20
-853.0
 10
607.5762711864406
 20
-853.0
 10
611.5593220338983
 20
-853.0
 10
615.542372881356
 20
-853.0
 10
619.5254237288136
 20
-853.0
 10
623.5084745762712
 20
-853.0
 10
627.4915254237288
 20
-853.0
 10
631.4745762711865
 20
-853.0
 10
635.457627118644
 20
-853.0
 10
639.4406779661017
 20
-853.0
 10
643.4237288135594
 20
-853.0
 10
647.4067796610169
 20
-853.0
 10
651.3898305084746
 20
-853.0
 10
655.3728813559322
 20
-853.0
 10
659.3559322033898
 20
-853.0
 10
663.3389830508474
 20
-853.0
 10
667.3220338983051
 20
-853.0
 10
671.3050847457628
 20
-853.0
 10
675.2881355932203
 20
-853.0
 10
679.271186440678
 20
-853.0
 10
683.2542372881355
 20
-853.0
 10
687.2372881355932
 20
-853.0
 10
691.2203389830509
 20
-853.0
 10
695.2033898305085
 20
-853.0
 10
699.1864406779662
 20
-853.0
 10
703.1694915254237
 20
-853.0
 10
707.1525423728814
 20
-853.0
 10
711.1355932203389
 20
-853.0
 10
715.1186440677966
 20
-853.0
 10
719.1016949152543
 20
-853.0
 10
723.0847457627119
 20
-853.0
 10
727.0677966101695
 20
-853.0
 10
731.0508474576271
 20
-853.0
 10
735.0338983050847
 20
-853.0
 10
739.0169491525423
 20
-853.0
 10
743.0
 20
-853.0
 10
743.0
 20
-849.1111111111111
 10
743.0
 20
-845.2222222222222
 10
743.0
 20
-841.3333333333334
 10
743.0
 20
-837.4444444444445
 10
743.0
 20
-833.5555555555555
 10
743.0
 20
-829.6666666666666
 10
743.0
 20
-825.7777777777778
 10
743.0
 20
-821.8888888888889
 10
743.0
 20
-818.0
 10
739.1818181818181
 20
-817.9545454545455
 10
735.3636363636364
 20
-817.9090909090909
 10
731.5454545454545
 20
-817.8636363636364
 10
727.7272727272727
 20
-817.8181818181819
 10
723.9090909090909
 20
-817.7727272727273
 10
720.0909090909091
 20
-817.7272727272727
 10
716.2727272727273
 20
-817.6818181818181
 10
712.4545454545455
 20
-817.6363636363636
 10
708.6363636363636
 20
-817.5909090909091
 10
704.8181818181819
 20
-817.5454545454545
 10
701.0
 20
-817.5
 10
697.1818181818182
 20
-817.4545454545455
 10
693.3636363636364
 20
-817.4090909090909
 10
689.5454545454545
 20
-817.3636363636364
 10
685.7272727272727
 20
-817.3181818181819
 10
681.9090909090909
 20
-817.2727272727273
 10
678.0909090909091
 20
-817.2272727272727
 10
674.2727272727273
 20
-817.1818181818181
 10
670.4545454545455
 20
-817.1363636363636
 10
666.6363636363636
 20
-817.0909090909091
 10
662.8181818181818
 20
-817.0454545454545
 10
659.0
 20
-817.0
 10
659.0
 20
-813.1363636363636
 10
659.0
 20
-809.2727272727273
 10
659.0
 20
-805.4090909090909
 10
659.0
 20
-801.5454545454545
 10
659.0
 20
-797.6818181818181
 10
659.0
 20
-793.8181818181819
 10
659.0
 20
-789.9545454545455
 10
659.0
 20
-786.0909090909091
 10
659.0
 20
-782.2272727272727
 10
659.0
 20
-778.3636363636364
 10
659.0
 20
-774.5
 10
659.0
 20
-770.6363636363636
 10
659.0
 20
-766.7727272727273
 10
659.0
 20
-762.9090909090909
 10
659.0
 20
-759.0454545454545
 10
659.0
 20
-755.1818181818181
 10
659.0
 20
-751.3181818181818
 10
659.0
 20
-747.4545454545455
 10
659.0
 20
-743.5909090909091
 10
659.0
 20
-739.7272727272727
 10
659.0
 20
-735.8636363636364
 10
659.0
 20
-732.0
 10
656.5
 20
-730.25
 10
654.0
 20
-728.5
 10
651.5
 20
-726.75
 10
649.0
 20
-725.0
 10
646.0
 20
-724.25
 10
643.0
 20
-723.5
 10
640.0
 20
-722.75
 10
637.0
 20
-722.0
 10
633.1666666666666
 20
-722.0
 10
629.3333333333334
 20
-722.0
 10
625.5
 20
-722.0
 10
621.6666666666666
 20
-722.0
 10
617.8333333333334
 20
-722.0
 10
614.0
 20
-722.0
 10
610.75
 20
-722.75
 10
607.5
 20
-723.5
 10
604.25
 20
-724.25
 10
601.0
 20
-725.0
 10
598.0
 20
-727.0
 10
595.0
 20
-729.0
 10
592.0
 20
-731.0
 10
591.9545454545455
 20
-734.9545454545455
 10
591.9090909090909
 20
-738.9090909090909
 10
591.8636363636364
 20
-742.8636363636364
 10
591.8181818181819
 20
-746.8181818181819
 10
591.7727272727273
 20
-750.7727272727273
 10
591.7272727272727
 20
-754.7272727272727
 10
591.6818181818181
 20
-758.6818181818181
 10
591.6363636363636
 20
-762.6363636363636
 10
591.5909090909091
 20
-766.5909090909091
 10
591.5454545454545
 20
-770.5454545454545
 10
591.5
 20
-774.5
 10
591.4545454545455
 20
-778.4545454545455
 10
591.4090909090909
 20
-782.4090909090909
 10
591.3636363636364
 20
-786.3636363636364
 10
591.3181818181819
 20
-790.3181818181818
 10
591.2727272727273
 20
-794.2727272727273
 10
591.2272727272727
 20
-798.2272727272727
 10
591.1818181818181
 20
-802.1818181818182
 10
591.1363636363636
 20
-806.1363636363636
 10
591.0909090909091
 20
-810.0909090909091
 10
591.0454545454545
 20
-814.0454545454545
 10
591.0
 20
-818.0
 10
587.047619047619
 20
-818.0
 10
583.0952380952381
 20
-818.0
 10
579.1428571428571
 20
-818.0
 10
575.1904761904761
 20
-818.0
 10
571.2380952380952
 20
-818.0
 10
567.2857142857143
 20
-818.0
 10
563.3333333333334
 20
-818.0
 10
559.3809523809524
 20
-818.0
 10
555.4285714285714
 20
-818.0
 10
551.4761904761905
 20
-818.0
 10
547.5238095238095
 20
-818.0
 10
543.5714285714286
 20
-818.0
 10
539.6190476190476
 20
-818.0
 10
535.6666666666666
 20
-818.0
 10
531.7142857142857
 20
-818.0
 10
527.7619047619048
 20
-818.0
 10
523.8095238095239
 20
-818.0
 10
519.8571428571429
 20
-818.0
 10
515.9047619047619
 20
-818.0
 10
511.95238095238096
 20
-818.0
 10
508.0
 20
-818.0
  0
LWPOLYLINE
  5
90
330
17
100
AcDbEntity
  8
0
100
AcDbPolyline
 90
75
 70
1
 10
574.0
 20
-705.0
 10
574.1666666666666
 20
-708.3333333333334
 10
574.3333333333334
 20
-711.6666666666666
 10
574.5
 20
-715.0
 10
574.6666666666666
 20
-718.3333333333334
 10
574.8333333333334
 20
-721.6666666666666
 10
575.0
 20
-725.0
 10
578.2
 20
-723.0666666666667
 10
581.4
 20
-721.1333333333333
 10
584.6
 20
-719.2
 10
587.8
 20
-717.2666666666667
 10
591.0
 20
-715.3333333333334
 10
594.2
 20
-713.4
 10
597.4
 20
-711.4666666666667
 10
600.6
 20
-709.5333333333333
 10
603.8
 20
-707.6
 10
607.0
 20
-705.6666666666666
 10
610.2
 20
-703.7333333333333
 10
613.4
 20
-701.8
 10
616.6
 20
-699.8666666666667
 10
619.8
 20
-697.9333333333333
 10
623.0
 20
-696.0
 10
626.3333333333334
 20
-697.0
 10
629.6666666666666
 20
-698.0
 10
633.0
 20
-699.0
 10
636.3076923076923
 20
-701.0
 10
639.6153846153846
 20
-703.0
 10
642.9230769230769
 20
-705.0
 10
646.2307692307693
 20
-707.0
 10
649.5384615384615
 20
-709.0
 10
652.8461538461538
 20
-711.0
 10
656.1538461538462
 20
-713.0
 10
659.4615384615385
 20
-715.0
 10
662.7692307692307
 20
-717.0
 10
666.0769230769231
 20
-719.0
 10
669.3846153846154
 20
-721.0
 10
672.6923076923077
 20
-723.0
 10
676.0
 20
-725.0
 10
676.0
 20
-721.0
 10
676.0
 20
-717.0
 10
676.0
 20
-713.0
 10
676.0
 20
-709.0
 10
676.0
 20
-705.0
 10
672.875
 20
-702.8125
 10
669.75
 20
-700.625
 10
666.625
 20
-698.4375
 10
663.5
 20
-696.25
 10
660.375
 20
-694.0625
 10
657.25
 20
-691.875
 10
654.125
 20
-689.6875
 10
651.0
 20
-687.5
 10
647.875
 20
-685.3125
 10
644.75
 20
-683.125
 10
641.625
 20
-680.9375
 10
638.5
 20
-678.75
 10
635.375
 20
-676.5625
 10
632.25
 20
-674.375
 10
629.125
 20
-672.1875
 10
626.0
 20
-670.0
 10
622.75
 20
-672.1875
 10
619.5
 20
-674.375
 10
616.25
 20
-676.5625
 10
613.0
 20
-678.75
 10
609.75
 20
-680.9375
 10
606.5
 20
-683.125
 10
603.25
 20
-685.3125
 10
600.0
 20
-687.5
 10
596.75
 20
-689.6875
 10
593.5
 20
-691.875
 10
590.25
 20
-694.0625
 10
587.0
 20
-696.25
 10
583.75
 20
-698.4375
 10
580.5
 20
-700.625
 10
577.25
 20
-702.8125
 10
574.0
 20
-705.0
  0
LWPOLYLINE
  5
91
330
17
100
AcDbEntity
  8
0
100
AcDbPolyline
 90
247
 70
1
 10
1066.0
 20
-574.0
 10
1063.3333333333333
 20
-576.8333333333334
 10
1060.6666666666667
 20
-579.6666666666666
 10
1058.0
 20
-582.5
 10
1055.3333333333333
 20
-585.3333333333334
 10
1052.6666666666667
 20
-588.1666666666666
 10
1050.0
 20
-591.0
 10
1047.3333333333333
 20
-593.8333333333334
 10
1044.6666666666667
 20
-596.6666666666666
 10
1042.0
 20
-599.5
 10
1039.3333333333333
 20
-602.3333333333334
 10
1036.6666666666667
 20
-605.1666666666666
 10
1034.0
 20
-608.0
 10
1031.0
 20
-610.3333333333334
 10
1028.0
 20
-612.6666666666666
 10
1025.0
 20
-615.0
 10
1022.0
 20
-617.3333333333334
 10
1019.0
 20
-619.6666666666666
 10
1016.0
 20
-622.0
 10
1013.0
 20
-623.8333333333334
 10
1010.0
 20
-625.6666666666666
 10
1007.0
 20
-627.5
 10
1004.0
 20
-629.3333333333334
 10
1001.0
 20
-631.1666666666666
 10
998.0
 20
-633.0
 10
994.5
 20
-634.7727272727273
 10
991.0
 20
-636.5454545454545
 10
987.5
 20
-638.3181818181819
 10
984.0
 20
-640.0909090909091
 10
980.5
 20
-641.8636363636364
 10
977.0
 20
-643.6363636363636
 10
973.5
 20
-645.4090909090909
 10
970.0
 20
-647.1818181818181
 10
966.5
 20
-648.9545454545455
 10
963.0
 20
-650.7272727272727
 10
959.5
 20
-652.5
 10
956.0
 20
-654.2727272727273
 10
952.5
 20
-656.0454545454545
 10
949.0
 20
-657.8181818181819
 10
945.5
 20
-659.5909090909091
 10
942.0
 20
-661.3636363636364
 10
938.5
 20
-663.1363636363636
 10
935.0
 20
-664.9090909090909
 10
931.5
 20
-666.6818181818181
 10
928.0
 20
-668.4545454545455
 10
924.5
 20
-670.2272727272727
 10
921.0
 20
-672.0
 10
917.9285714285714
 20
-674.1428571428571
 10
914.8571428571429
 20
-676.2857142857143
 10
911.7857142857143
 20
-678.4285714285714
 10
908.7142857142857
 20
-680.5714285714286
 10
905.6428571428571
 20
-682.7142857142857
 10
902.5714285714286
 20
-684.8571428571429
 10
899.5
 20
-687.0
 10
896.4285714285714
 20
-689.1428571428571
 10
893.3571428571429
 20
-691.2857142857143
 10
890.2857142857143
 20
-693.4285714285714
 10
887.2142857142857
 20
-695.5714285714286
 10
884.1428571428571
 20
-697.7142857142857
 10
881.0714285714286
 20
-699.8571428571429
 10
878.0
 20
-702.0
 10
875.3333333333334
 20
-704.6666666666666
 10
872.6666666666666
 20
-707.3333333333334
 10
870.0
 20
-710.0
 10
867.3333333333334
 20
-712.6666666666666
 10
864.6666666666666
 20
-715.3333333333334
 10
862.0
 20
-718.0
 10
859.3333333333334
 20
-720.6666666666666
 10
856.6666666666666
 20
-723.3333333333334
 10
854.0
 20
-726.0
 10
851.7142857142857
 20
-728.8571428571429
 10
849.4285714285714
 20
-731.7142857142857
 10
847.1428571428571
 20
-734.5714285714286
 10
844.8571428571429
 20
-737.4285714285714
 10
842.5714285714286
 20
-740.2857142857143
 10
840.2857142857143
 20
-743.1428571428571
 10
838.0
 20
-746.0
 10
835.925925925926
 20
-749.4074074074074
 10
833.8518518518518
 20
-752.8148148148148
 10
831.7777777777778
 20
-756.2222222222222
 10
829.7037037037037
 20
-759.6296296296297
 10
827.6296296296297
 20
-763.0370370370371
 10
825.5555555555555
 20
-766.4444444444445
 10
823.4814814814815
 20
-769.8518518518518
 10
821.4074074074074
 20
-773.2592592592592
 10
819.3333333333334
 20
-776.6666666666666
 10
817.2592592592592
 20
-780.074074074074
 10
815.1851851851852
 20
-783.4814814814815
 10
813.1111111111111
 20
-786.8888888888889
 10
811.0370370370371
 20
-790.2962962962963
 10
808.9629629629629
 20
-793.7037037037037
 10
806.8888888888889
 20
-797.1111111111111
 10
804.8148148148148
 20
-800.5185185185185
 10
802.7407407407408
 20
-803.925925925926
 10
800.6666666666666
 20
-807.3333333333334
 10
798.5925925925926
 20
-810.7407407407408
 10
796.5185185185185
 20
-814.1481481481482
 10
794.4444444444445
 20
-817.5555555555555
 10
792.3703703703703
 20
-820.9629629629629
 10
790.2962962962963
 20
-824.3703703703703
 10
788.2222222222222
 20
-827.7777777777778
 10
786.1481481481482
 20
-831.1851851851852
 10
784.0740740740741
 20
-834.5925925925926
 10
782.0
 20
-838.0
 10
779.375
 20
-840.75
 10
776.75
 20
-843.5
 10
774.125
 20
-846.25
 10
771.5
 20
-849.0
 10
768.875
 20
-851.75
 10
766.25
 20
-854.5
 10
763.625
 20
-857.25
 10
761.0
 20
-860.0
 10
758.0
 20
-862.2
 10
755.0
 20
-864.4
 10
752.0
 20
-866.6
 10
749.0
 20
-868.8
 10
746.0
 20
-871.0
 10
749.375
 20
-869.625
 10
752.75
 20
-868.25
 10
756.125
 20
-866.875
 10
759.5
 20
-865.5
 10
762.875
 20
-864.125
 10
766.25
 20
-862.75
 10
769.625
 20
-861.375
 10
773.0
 20
-860.0
 10
776.1333333333333
 20
-857.9333333333333
 10
779.2666666666667
 20
-855.8666666666667
 10
782.4
 20
-853.8
 10
785.5333333333333
 20
-851.7333333333333
 10
788.6666666666666
 20
-849.6666666666666
 10
791.8
 20
-847.6
 10
794.9333333333333
 20
-845.5333333333333
 10
798.0666666666667
 20
-843.4666666666667
 10
801.2
 20
-841.4
 10
804.3333333333334
 20
-839.3333333333334
 10
807.4666666666667
 20
-837.2666666666667
 10
810.6
 20
-835.2
 10
813.7333333333333
 20
-833.1333333333333
 10
816.8666666666667
 20
-831.0666666666667
 10
820.0
 20
-829.0
 10
823.5714285714286
 20
-827.2857142857143
 10
827.1428571428571
 20
-825.5714285714286
 10
830.7142857142857
 20
-823.8571428571429
 10
834.2857142857143
 20
-822.1428571428571
 10
837.8571428571429
 20
-820.4285714285714
 10
841.4285714285714
 20
-818.7142857142857
 10
845.0
 20
-817.0
 10
848.5
 20
-815.9
 10
852.0
 20
-814.8
 10
855.5
 20
-813.7
 10
859.0
 20
-812.6
 10
862.5
 20
-811.5
 10
866.0
 20
-810.4
 10
869.5
 20
-809.3
 10
873.0
 20
-808.2
 10
876.5
 20
-807.1
 10
880.0
 20
-806.0
 10
883.9166666666666
 20
-805.3333333333334
 10
887.8333333333334
 20
-804.6666666666666
 10
891.75
 20
-804.0
 10
895.6666666666666
 20
-803.3333333333334
 10
899.5833333333334
 20
-802.6666666666666
 10
903.5
 20
-802.0
 10
907.4166666666666
 20
-801.3333333333334
 10
911.3333333333334
 20
-800.6666666666666
 10
915.25
 20
-800.0
 10
919.1666666666666
 20
-799.3333333333334
 10
923.0833333333334
 20
-798.6666666666666
 10
927.0
 20
-798.0
 10
930.4285714285714
 20
-797.0
 10
933.8571428571429
 20
-796.0
 10
937.2857142857143
 20
-795.0
 10
940.7142857142857
 20
-794.0
 10
944.1428571428571
 20
-793.0
 10
947.5714285714286
 20
-792.0
 10
951.0
 20
-791.0
 10
954.375
 20
-789.375
 10
957.75
 20
-787.75
 10
961.125
 20
-786.125
 10
964.5
 20
-784.5
 10
967.875
 20
-782.875
 10
971.25
 20
-781.25
 10
974.625
 20
-779.625
 10
978.0
 20
-778.0
 10
981.1666666666666
 20
-775.6666666666666
 10
984.3333333333334
 20
-773.3333333333334
 10
987.5
 20
-771.0
 10
990.6666666666666
 20
-768.6666666666666
 10
993.8333333333334
 20
-766.3333333333334
 10
997.0
 20
-764.0
 10
999.8
 20
-761.2
 10
1002.6
 20
-758.4
 10
1005.4
 20
-755.6
 10
1008.2
 20
-752.8
 10
1011.0
 20
-750.0
 10
1013.125
 20
-747.125
 10
1015.25
 20
-744.25
 10
1017.375
 20
-741.375
 10
1019.5
 20
-738.5
 10
1021.625
 20
-735.625
 10
1023.75
 20
-732.75
 10
1025.875
 20
-729.875
 10
1028.0
 20
-727.0
 10
1029.857142857143
 20
-723.5714285714286
 10
1031.7142857142858
 20
-720.1428571428571
 10
1033.5714285714287
 20
-716.7142857142857
 10
1035.4285714285713
 20
-713.2857142857143
 10
1037.2857142857142
 20
-709.8571428571429
 10
1039.142857142857
 20
-706.4285714285714
 10
1041.0
 20
-703.0
 10
1042.375
 20
-699.5
 10
1043.75
 20
-696.0
 10
1045.125
 20
-692.5
 10
1046.5
 20
-689.0
 10
1047.875
 20
-685.5
 10
1049.25
 20
-682.0
 10
1050.625
 20
-678.5
 10
1052.0
 20
-675.0
 10
1053.0
 20
-671.6666666666666
 10
1054.0
 20
-668.3333333333334
 10
1055.0
 20
-665.0
 10
1056.0
 20
-661.6666666666666
 10
1057.0
 20
-658.3333333333334
 10
1058.0
 20
-655.0
 10
1058.7
 20
-651.4
 10
1059.4
 20
-647.8
 10
1060.1
 20
-644.2
 10
1060.8
 20
-640.6
 10
1061.5
 20
-637.0
 10
1062.2
 20
-633.4
 10
1062.9
 20
-629.8
 10
1063.6
 20
-626.2
 10
1064.3
 20
-622.6
 10
1065.0
 20
-619.0
 10
1065.3333333333333
 20
-615.5
 10
1065.6666666666667
 20
-612.0
 10
1066.0
 20
-608.5
 10
1066.3333333333333
 20
-605.0
 10
1066.6666666666667
 20
-601.5
 10
1067.0
 20
-598.0
 10
1066.857142857143
 20
-594.5714285714286
 10
1066.7142857142858
 20
-591.1428571428571
 10
1066.5714285714287
 20
-587.7142857142857
 10
1066.4285714285713
 20
-584.2857142857143
 10
1066.2857142857142
 20
-580.8571428571429
 10
1066.142857142857
 20
-577.4285714285714
 10
1066.0
 20
-574.0
  0
LWPOLYLINE
  5
92
330
17
100
AcDbEntity
  8
0
100
AcDbPolyline
 90
129
 70
1
 10
1021.0
 20
-663.0
 10
1019.25
 20
-666.5
 10
1017.5
 20
-670.0
 10
1015.75
 20
-673.5
 10
1014.0
 20
-677.0
 10
1011.6
 20
-680.2
 10
1009.2
 20
-683.4
 10
1006.8
 20
-686.6
 10
1004.4
 20
-689.8
 10
1002.0
 20
-693.0
 10
999.4
 20
-695.8
 10
996.8
 20
-698.6
 10
994.2
 20
-701.4
 10
991.6
 20
-704.2
 10
989.0
 20
-707.0
 10
986.25
 20
-709.25
 10
983.5
 20
-711.5
 10
980.75
 20
-713.75
 10
978.0
 20
-716.0
 10
975.25
 20
-718.25
 10
972.5
 20
-720.5
 10
969.75
 20
-722.75
 10
967.0
 20
-725.0
 10
963.8888888888889
 20
-726.7777777777778
 10
960.7777777777778
 20
-728.5555555555555
 10
957.6666666666666
 20
-730.3333333333334
 10
954.5555555555555
 20
-732.1111111111111
 10
951.4444444444445
 20
-733.8888888888889
 10
948.3333333333334
 20
-735.6666666666666
 10
945.2222222222222
 20
-737.4444444444445
 10
942.1111111111111
 20
-739.2222222222222
 10
939.0
 20
-741.0
 10
935.5294117647059
 20
-742.5294117647059
 10
932.0588235294117
 20
-744.0588235294117
 10
928.5882352941177
 20
-745.5882352941177
 10
925.1176470588235
 20
-747.1176470588235
 10
921.6470588235294
 20
-748.6470588235294
 10
918.1764705882352
 20
-750.1764705882352
 10
914.7058823529412
 20
-751.7058823529412
 10
911.2352941176471
 20
-753.2352941176471
 10
907.7647058823529
 20
-754.7647058823529
 10
904.2941176470588
 20
-756.2941176470588
 10
900.8235294117648
 20
-757.8235294117648
 10
897.3529411764706
 20
-759.3529411764706
 10
893.8823529411765
 20
-760.8823529411765
 10
890.4117647058823
 20
-762.4117647058823
 10
886.9411764705883
 20
-763.9411764705883
 10
883.4705882352941
 20
-765.4705882352941
 10
880.0
 20
-767.0
 10
876.7142857142857
 20
-769.0
 10
873.4285714285714
 20
-771.0
 10
870.1428571428571
 20
-773.0
 10
866.8571428571429
 20
-775.0
 10
863.5714285714286
 20
-777.0
 10
860.2857142857143
 20
-779.0
 10
857.0
 20
-781.0
 10
854.0
 20
-783.375
 10
851.0
 20
-785.75
 10
848.0
 20
-788.125
 10
845.0
 20
-790.5
 10
842.0
 20
-792.875
 10
839.0
 20
-795.25
 10
836.0
 20
-797.625
 10
833.0
 20
-800.0
 10
830.5
 20
-800.0
 10
828.0
 20
-800.0
 10
830.0
 20
-797.25
 10
832.0
 20
-794.5
 10
834.0
 20
-791.75
 10
836.0
 20
-789.0
 10
838.9090909090909
 20
-786.3636363636364
 10
841.8181818181819
 20
-783.7272727272727
 10
844.7272727272727
 20
-781.0909090909091
 10
847.6363636363636
 20
-778.4545454545455
 10
850.5454545454545
 20
-775.8181818181819
 10
853.4545454545455
 20
-773.1818181818181
 10
856.3636363636364
 20
-770.5454545454545
 10
859.2727272727273
 20
-767.9090909090909
 10
862.1818181818181
 20
-765.2727272727273
 10
865.0909090909091
 20
-762.6363636363636
 10
868.0
 20
-760.0
 10
871.125
 20
-758.0
 10
874.25
 20
-756.0
 10
877.375
 20
-754.0
 10
880.5
 20
-752.0
 10
883.625
 20
-750.0
 10
886.75
 20
-748.0
 10
889.875
 20
-746.0
 10
893.0
 20
-744.0
 10
896.4761904761905
 20
-742.2857142857143
 10
899.952380952381
 20
-740.5714285714286
 10
903.4285714285714
 20
-738.8571428571429
 10
906.9047619047619
 20
-737.1428571428571
 10
910.3809523809524
 20
-735.4285714285714
 10
913.8571428571429
 20
-733.7142857142857
 10
917.3333333333334
 20
-732.0
 10
920.8095238095239
 20
-730.2857142857143
 10
924.2857142857143
 20
-728.5714285714286
 10
927.7619047619048
 20
-726.8571428571429
 10
931.2380952380952
 20
-725.1428571428571
 10
934.7142857142857
 20
-723.4285714285714
 10
938.1904761904761
 20
-721.7142857142857
 10
941.6666666666666
 20
-720.0
 10
945.1428571428571
 20
-718.2857142857143
 10
948.6190476190476
 20
-716.5714285714286
 10
952.0952380952381
 20
-714.8571428571429
 10
955.5714285714286
 20
-713.1428571428571
 10
959.047619047619
 20
-711.4285714285714
 10
962.5238095238095
 20
-709.7142857142857
 10
966.0
 20
-708.0
 10
969.1111111111111
 20
-705.6666666666666
 10
972.2222222222222
 20
-703.3333333333334
 10
975.3333333333334
 20
-701.0
 10
978.4444444444445
 20
-698.6666666666666
 10
981.5555555555555
 20
-696.3333333333334
 10
984.6666666666666
 20
-694.0
 10
987.7777777777778
 20
-691.6666666666666
 10
990.8888888888889
 20
-689.3333333333334
 10
994.0
 20
-687.0
 10
996.6666666666666
 20
-684.2222222222222
 10
999.3333333333334
 20
-681.4444444444445
 10
1002.0
 20
-678.6666666666666
 10
1004.6666666666666
 20
-675.8888888888889
 10
1007.3333333333334
 20
-673.1111111111111
 10
1010.0
 20
-670.3333333333334
 10
1012.6666666666666
 20
-667.5555555555555
 10
1015.3333333333334
 20
-664.7777777777778
 10
1018.0
 20
-662.0
 10
1021.0
 20
-663.0
  0
LWPOLYLINE
  5
93
330
17
100
AcDbEntity
  8
0
100
AcDbPolyline
 90
247
 70
1
 10
187.0
 20
-574.0
 10
186.8
 20
-577.4
 10
186.6
 20
-580.8
 10
186.4
 20
-584.2
 10
186.2
 20
-587.6
 10
186.0
 20
-591.0
 10
186.28571428571428
 20
-594.5714285714286
 10
186.57142857142858
 20
-598.1428571428571
 10
186.85714285714286
 20
-601.7142857142857
 10
187.14285714285714
 20
-605.2857142857143
 10
187.42857142857142
 20
-608.8571428571429
 10
187.71428571428572
 20
-612.4285714285714
 10
188.0
 20
-616.0
 10
188.8
 20
-619.6666666666666
 10
189.6
 20
-623.3333333333334
 10
190.4
 20
-627.0
 10
191.2
 20
-630.6666666666666
 10
192.0
 20
-634.3333333333334
 10
192.8
 20
-638.0
 10
193.6
 20
-641.6666666666666
 10
194.4
 20
-645.3333333333334
 10
195.2
 20
-649.0
 10
196.0
 20
-652.6666666666666
 10
196.8
 20
-656.3333333333334
 10
197.6
 20
-660.0
 10
198.4
 20
-663.6666666666666
 10
199.2
 20
-667.3333333333334
 10
200.0
 20
-671.0
 10
201.33333333333334
 20
-674.4444444444445
 10
202.66666666666666
 20
-677.8888888888889
 10
204.0
 20
-681.3333333333334
 10
205.33333333333334
 20
-684.7777777777778
 10
206.66666666666666
 20
-688.2222222222222
 10
208.0
 20
-691.6666666666666
 10
209.33333333333334
 20
-695.1111111111111
 10
210.66666666666666
 20
-698.5555555555555
 10
212.0
 20
-702.0
 10
213.83333333333334
 20
-705.5
 10
215.66666666666666
 20
-709.0
 10
217.5
 20
-712.5
 10
219.33333333333334
 20
-716.0
 10
221.16666666666666
 20
-719.5
 10
223.0
 20
-723.0
 10
225.27272727272728
 20
-726.0
 10
227.54545454545453
 20
-729.0
 10
229.8181818181818
 20
-732.0
 10
232.0909090909091
 20
-735.0
 10
234.36363636363637
 20
-738.0
 10
236.63636363636363
 20
-741.0
 10
238.9090909090909
 20
-744.0
 10
241.1818181818182
 20
-747.0
 10
243.45454545454547
 20
-750.0
 10
245.72727272727272
 20
-753.0
 10
248.0
 20
-756.0
 10
250.85714285714286
 20
-758.4285714285714
 10
253.71428571428572
 20
-760.8571428571429
 10
256.57142857142856
 20
-763.2857142857143
 10
259.42857142857144
 20
-765.7142857142857
 10
262.2857142857143
 20
-768.1428571428571
 10
265.14285714285717
 20
-770.5714285714286
 10
268.0
 20
-773.0
 10
271.22222222222223
 20
-774.7777777777778
 10
274.44444444444446
 20
-776.5555555555555
 10
277.6666666666667
 20
-778.3333333333334
 10
280.8888888888889
 20
-780.1111111111111
 10
284.1111111111111
 20
-781.8888888888889
 10
287.3333333333333
 20
-783.6666666666666
 10
290.55555555555554
 20
-785.4444444444445
 10
293.77777777777777
 20
-787.2222222222222
 10
297.0
 20
-789.0
 10
300.55555555555554
 20
-790.1111111111111
 10
304.1111111111111
 20
-791.2222222222222
 10
307.6666666666667
 20
-792.3333333333334
 10
311.22222222222223
 20
-793.4444444444445
 10
314.77777777777777
 20
-794.5555555555555
 10
318.3333333333333
 20
-795.6666666666666
 10
321.8888888888889
 20
-796.7777777777778
 10
325.44444444444446
 20
-797.8888888888889
 10
329.0
 20
-799.0
 10
332.6923076923077
 20
-799.6153846153846
 10
336.38461538461536
 20
-800.2307692307693
 10
340.0769230769231
 20
-800.8461538461538
 10
343.7692307692308
 20
-801.4615384615385
 10
347.46153846153845
 20
-802.0769230769231
 10
351.15384615384613
 20
-802.6923076923077
 10
354.84615384615387
 20
-803.3076923076923
 10
358.53846153846155
 20
-803.9230769230769
 10
362.2307692307692
 20
-804.5384615384615
 10
365.9230769230769
 20
-805.1538461538462
 10
369.61538461538464
 20
-805.7692307692307
 10
373.3076923076923
 20
-806.3846153846154
 10
377.0
 20
-807.0
 10
380.7142857142857
 20
-808.1428571428571
 10
384.42857142857144
 20
-809.2857142857143
 10
388.14285714285717
 20
-810.4285714285714
 10
391.85714285714283
 20
-811.5714285714286
 10
395.57142857142856
 20
-812.7142857142857
 10
399.2857142857143
 20
-813.8571428571429
 10
403.0
 20
-815.0
 10
406.3
 20
-816.6
 10
409.6
 20
-818.2
 10
412.9
 20
-819.8
 10
416.2
 20
-821.4
 10
419.5
 20
-823.0
 10
422.8
 20
-824.6
 10
426.1
 20
-826.2
 10
429.4
 20
-827.8
 10
432.7
 20
-829.4
 10
436.0
 20
-831.0
 10
439.15384615384613
 20
-833.1538461538462
 10
442.3076923076923
 20
-835.3076923076923
 10
445.46153846153845
 20
-837.4615384615385
 10
448.61538461538464
 20
-839.6153846153846
 10
451.7692307692308
 20
-841.7692307692307
 10
454.9230769230769
 20
-843.9230769230769
 10
458.0769230769231
 20
-846.0769230769231
 10
461.2307692307692
 20
-848.2307692307693
 10
464.38461538461536
 20
-850.3846153846154
 10
467.53846153846155
 20
-852.5384615384615
 10
470.6923076923077
 20
-854.6923076923077
 10
473.84615384615387
 20
-856.8461538461538
 10
477.0
 20
-859.0
 10
480.4
 20
-860.6
 10
483.8
 20
-862.2
 10
487.2
 20
-863.8
 10
490.6
 20
-865.4
 10
494.0
 20
-867.0
 10
497.25
 20
-867.75
 10
500.5
 20
-868.5
 10
503.75
 20
-869.25
 10
507.0
 20
-870.0
 10
503.8
 20
-868.0
 10
500.6
 20
-866.0
 10
497.4
 20
-864.0
 10
494.2
 20
-862.0
 10
491.0
 20
-860.0
 10
488.2857142857143
 20
-857.2857142857143
 10
485.57142857142856
 20
-854.5714285714286
 10
482.85714285714283
 20
-851.8571428571429
 10
480.14285714285717
 20
-849.1428571428571
 10
477.42857142857144
 20
-846.4285714285714
 10
474.7142857142857
 20
-843.7142857142857
 10
472.0
 20
-841.0
 10
470.0
 20
-838.1666666666666
 10
468.0
 20
-835.3333333333334
 10
466.0
 20
-832.5
 10
464.0
 20
-829.6666666666666
 10
462.0
 20
-826.8333333333334
 10
460.0
 20
-824.0
 10
458.0833333333333
 20
-820.5
 10
456.1666666666667
 20
-817.0
 10
454.25
 20
-813.5
 10
452.3333333333333
 20
-810.0
 10
450.4166666666667
 20
-806.5
 10
448.5
 20
-803.0
 10
446.5833333333333
 20
-799.5
 10
444.6666666666667
 20
-796.0
 10
442.75
 20
-792.5
 10
440.8333333333333
 20
-789.0
 10
438.9166666666667
 20
-785.5
 10
437.0
 20
-782.0
 10
434.9
 20
-778.7
 10
432.8
 20
-775.4
 10
430.7
 20
-772.1
 10
428.6
 20
-768.8
 10
426.5
 20
-765.5
 10
424.4
 20
-762.2
 10
422.3
 20
-758.9
 10
420.2
 20
-755.6
 10
418.1
 20
-752.3
 10
416.0
 20
-749.0
 10
413.5
 20
-746.0
 10
411.0
 20
-743.0
 10
408.5
 20
-740.0
 10
406.0
 20
-737.0
 10
403.5
 20
-734.0
 10
401.0
 20
-731.0
 10
398.5
 20
-728.0
 10
396.0
 20
-725.0
 10
393.5
 20
-722.0
 10
391.0
 20
-719.0
 10
388.5
 20
-716.0
 10
386.0
 20
-713.0
 10
383.125
 20
-710.5
 10
380.25
 20
-708.0
 10
377.375
 20
-705.5
 10
374.5
 20
-703.0
 10
371.625
 20
-700.5
 10
368.75
 20
-698.0
 10
365.875
 20
-695.5
 10
363.0
 20
-693.0
 10
359.8333333333333
 20
-690.8333333333334
 10
356.6666666666667
 20
-688.6666666666666
 10
353.5
 20
-686.5
 10
350.3333333333333
 20
-684.3333333333334
 10
347.1666666666667
 20
-682.1666666666666
 10
344.0
 20
-680.0
 10
340.5769230769231
 20
-678.2307692307693
 10
337.15384615384613
 20
-676.4615384615385
 10
333.7307692307692
 20
-674.6923076923077
 10
330.3076923076923
 20
-672.9230769230769
 10
326.88461538461536
 20
-671.1538461538462
 10
323.46153846153845
 20
-669.3846153846154
 10
320.03846153846155
 20
-667.6153846153846
 10
316.61538461538464
 20
-665.8461538461538
 10
313.1923076923077
 20
-664.0769230769231
 10
309.7692307692308
 20
-662.3076923076923
 10
306.34615384615387
 20
-660.5384615384615
 10
302.9230769230769
 20
-658.7692307692307
 10
299.5
 20
-657.0
 10
296.0769230769231
 20
-655.2307692307693
 10
292.6538461538462
 20
-653.4615384615385
 10
289.2307692307692
 20
-651.6923076923077
 10
285.8076923076923
 20
-649.9230769230769
 10
282.38461538461536
 20
-648.1538461538462
 10
278.96153846153845
 20
-646.3846153846154
 10
275.53846153846155
 20
-644.6153846153846
 10
272.11538461538464
 20
-642.8461538461538
 10
268.6923076923077
 20
-641.0769230769231
 10
265.2692307692308
 20
-639.3076923076923
 10
261.8461538461538
 20
-637.5384615384615
 10
258.4230769230769
 20
-635.7692307692307
 10
255.0
 20
-634.0
 10
251.83333333333334
 20
-632.0
 10
248.66666666666666
 20
-630.0
 10
245.5
 20
-628.0
 10
242.33333333333334
 20
-626.0
 10
239.16666666666666
 20
-624.0
 10
236.0
 20
-622.0
 10
233.0
 20
-619.5
 10
230.0
 20
-617.0
 10
227.0
 20
-614.5
 10
224.0
 20
-612.0
 10
221.0
 20
-609.5
 10
218.0
 20
-607.0
 10
215.0
 20
-604.5
 10
212.0
 20
-602.0
 10
209.5
 20
-599.2
 10
207.0
 20
-596.4
 10
204.5
 20
-593.6
 10
202.0
 20
-590.8
 10
199.5
 20
-588.0
 10
197.0
 20
-585.2
 10
194.5
 20
-582.4
 10
192.0
 20
-579.6
 10
189.5
 20
-576.8
 10
187.0
 20
-574.0
  0
LWPOLYLINE
  5
94
330
17
100
AcDbEntity
  8
0
100
AcDbPolyline
 90
134
 70
1
 10
232.0
 20
-660.0
 10
235.0
 20
-661.0
 10
237.5
 20
-663.7
 10
240.0
 20
-666.4
 10
242.5
 20
-669.1
 10
245.0
 20
-671.8
 10
247.5
 20
-674.5
 10
250.0
 20
-677.2
 10
252.5
 20
-679.9
 10
255.0
 20
-682.6
 10
257.5
 20
-685.3
 10
260.0
 20
-688.0
 10
263.0
 20
-690.2222222222222
 10
266.0
 20
-692.4444444444445
 10
269.0
 20
-694.6666666666666
 10
272.0
 20
-696.8888888888889
 10
275.0
 20
-699.1111111111111
 10
278.0
 20
-701.3333333333334
 10
281.0
 20
-703.5555555555555
 10
284.0
 20
-705.7777777777778
 10
287.0
 20
-708.0
 10
290.2857142857143
 20
-709.8571428571429
 10
293.57142857142856
 20
-711.7142857142857
 10
296.85714285714283
 20
-713.5714285714286
 10
300.14285714285717
 20
-715.4285714285714
 10
303.42857142857144
 20
-717.2857142857143
 10
306.7142857142857
 20
-719.1428571428571
 10
310.0
 20
-721.0
 10
313.5
 20
-722.6428571428571
 10
317.0
 20
-724.2857142857143
 10
320.5
 20
-725.9285714285714
 10
324.0
 20
-727.5714285714286
 10
327.5
 20
-729.2142857142857
 10
331.0
 20
-730.8571428571429
 10
334.5
 20
-732.5
 10
338.0
 20
-734.1428571428571
 10
341.5
 20
-735.7857142857143
 10
345.0
 20
-737.4285714285714
 10
348.5
 20
-739.0714285714286
 10
352.0
 20
-740.7142857142857
 10
355.5
 20
-742.3571428571429
 10
359.0
 20
-744.0
 10
362.125
 20
-746.0
 10
365.25
 20
-748.0
 10
368.375
 20
-750.0
 10
371.5
 20
-752.0
 10
374.625
 20
-754.0
 10
377.75
 20
-756.0
 10
380.875
 20
-758.0
 10
384.0
 20
-760.0
 10
386.8
 20
-762.2
 10
389.6
 20
-764.4
 10
392.4
 20
-766.6
 10
395.2
 20
-768.8
 10
398.0
 20
-771.0
 10
400.6363636363636
 20
-773.7272727272727
 10
403.27272727272725
 20
-776.4545454545455
 10
405.90909090909093
 20
-779.1818181818181
 10
408.54545454545456
 20
-781.9090909090909
 10
411.1818181818182
 20
-784.6363636363636
 10
413.8181818181818
 20
-787.3636363636364
 10
416.45454545454544
 20
-790.0909090909091
 10
419.09090909090907
 20
-792.8181818181819
 10
421.72727272727275
 20
-795.5454545454545
 10
424.3636363636364
 20
-798.2727272727273
 10
427.0
 20
-801.0
 10
426.0
 20
-804.0
 10
422.8
 20
-801.7333333333333
 10
419.6
 20
-799.4666666666667
 10
416.4
 20
-797.2
 10
413.2
 20
-794.9333333333333
 10
410.0
 20
-792.6666666666666
 10
406.8
 20
-790.4
 10
403.6
 20
-788.1333333333333
 10
400.4
 20
-785.8666666666667
 10
397.2
 20
-783.6
 10
394.0
 20
-781.3333333333334
 10
390.8
 20
-779.0666666666667
 10
387.6
 20
-776.8
 10
384.4
 20
-774.5333333333333
 10
381.2
 20
-772.2666666666667
 10
378.0
 20
-770.0
 10
374.47058823529414
 20
-768.4117647058823
 10
370.94117647058823
 20
-766.8235294117648
 10
367.4117647058824
 20
-765.2352941176471
 10
363.88235294117646
 20
-763.6470588235294
 10
360.3529411764706
 20
-762.0588235294117
 10
356.8235294117647
 20
-760.4705882352941
 10
353.29411764705884
 20
-758.8823529411765
 10
349.7647058823529
 20
-757.2941176470588
 10
346.2352941176471
 20
-755.7058823529412
 10
342.70588235294116
 20
-754.1176470588235
 10
339.1764705882353
 20
-752.5294117647059
 10
335.6470588235294
 20
-750.9411764705883
 10
332.11764705882354
 20
-749.3529411764706
 10
328.5882352941177
 20
-747.7647058823529
 10
325.05882352941177
 20
-746.1764705882352
 10
321.52941176470586
 20
-744.5882352941177
 10
318.0
 20
-743.0
 10
314.8181818181818
 20
-741.1818181818181
 10
311.6363636363636
 20
-739.3636363636364
 10
308.45454545454544
 20
-737.5454545454545
 10
305.27272727272725
 20
-735.7272727272727
 10
302.09090909090907
 20
-733.9090909090909
 10
298.90909090909093
 20
-732.0909090909091
 10
295.72727272727275
 20
-730.2727272727273
 10
292.54545454545456
 20
-728.4545454545455
 10
289.3636363636364
 20
-726.6363636363636
 10
286.1818181818182
 20
-724.8181818181819
 10
283.0
 20
-723.0
 10
280.3333333333333
 20
-720.8333333333334
 10
277.6666666666667
 20
-718.6666666666666
 10
275.0
 20
-716.5
 10
272.3333333333333
 20
-714.3333333333334
 10
269.6666666666667
 20
-712.1666666666666
 10
267.0
 20
-710.0
 10
264.57142857142856
 20
-707.4285714285714
 10
262.14285714285717
 20
-704.8571428571429
 10
259.7142857142857
 20
-702.2857142857143
 10
257.2857142857143
 20
-699.7142857142857
 10
254.85714285714286
 20
-697.1428571428571
 10
252.42857142857142
 20
-694.5714285714286
 10
250.0
 20
-692.0
 10
247.85714285714286
 20
-689.0
 10
245.71428571428572
 20
-686.0
 10
243.57142857142858
 20
-683.0
 10
241.42857142857142
 20
-680.0
 10
239.28571428571428
 20
-677.0
 10
237.14285714285714
 20
-674.0
 10
235.0
 20
-671.0
 10
233.66666666666666
 20
-668.3333333333334
 10
232.33333333333334
 20
-665.6666666666666
 10
231.0
 20
-663.0
 10
232.0
 20
-660.0
  0
LWPOLYLINE
  5
95
330
17
100
AcDbEntity
  8
0
100
AcDbPolyline
 90
52
 70
1
 10
624.0
 20
-421.0
 10
620.8333333333334
 20
-423.1666666666667
 10
617.6666666666666
 20
-425.3333333333333
 10
614.5
 20
-427.5
 10
611.3333333333334
 20
-429.6666666666667
 10
608.1666666666666
 20
-431.8333333333333
 10
605.0
 20
-434.0
 10
605.0
 20
-437.85714285714283
 10
605.0
 20
-441.7142857142857
 10
605.0
 20
-445.57142857142856
 10
605.0
 20
-449.42857142857144
 10
605.0
 20
-453.2857142857143
 10
605.0
 20
-457.14285714285717
 10
605.0
 20
-461.0
 10
605.0
 20
-464.85714285714283
 10
605.0
 20
-468.7142857142857
 10
605.0
 20
-472.57142857142856
 10
605.0
 20
-476.42857142857144
 10
605.0
 20
-480.2857142857143
 10
605.0
 20
-484.14285714285717
 10
605.0
 20
-488.0
 10
609.0
 20
-488.0
 10
613.0
 20
-488.0
 10
617.0
 20
-488.0
 10
621.0
 20
-488.0
 10
625.0
 20
-488.0
 10
629.0
 20
-488.0
 10
633.0
 20
-488.0
 10
637.0
 20
-488.0
 10
641.0
 20
-488.0
 10
645.0
 20
-488.0
 10
645.0
 20
-484.14285714285717
 10
645.0
 20
-480.2857142857143
 10
645.0
 20
-476.42857142857144
 10
645.0
 20
-472.57142857142856
 10
645.0
 20
-468.7142857142857
 10
645.0
 20
-464.85714285714283
 10
645.0
 20
-461.0
 10
645.0
 20
-457.14285714285717
 10
645.0
 20
-453.2857142857143
 10
645.0
 20
-449.42857142857144
 10
645.0
 20
-445.57142857142856
 10
645.0
 20
-441.7142857142857
 10
645.0
 20
-437.85714285714283
 10
645.0
 20
-434.0
 10
642.0
 20
-431.8333333333333
 10
639.0
 20
-429.6666666666667
 10
636.0
 20
-427.5
 10
633.0
 20
-425.3333333333333
 10
630.0
 20
-423.1666666666667
 10
627.0
 20
-421.0
 10
624.0
 20
-421.0
  0
LWPOLYLINE
  5
96
330
17
100
AcDbEntity
  8
0
100
AcDbPolyline
 90
630
 70
1
 10
538.0
 20
-365.0
 10
538.0
 20
-368.5
 10
538.0
 20
-372.0
 10
538.0
 20
-375.5
 10
538.0
 20
-379.0
 10
540.6666666666666
 20
-381.3333333333333
 10
543.3333333333334
 20
-383.6666666666667
 10
546.0
 20
-386.0
 10
548.6666666666666
 20
-388.3333333333333
 10
551.3333333333334
 20
-390.6666666666667
 10
554.0
 20
-393.0
 10
553.5882352941177
 20
-396.7647058823529
 10
553.1764705882352
 20
-400.52941176470586
 10
552.7647058823529
 20
-404.29411764705884
 10
552.3529411764706
 20
-408.05882352941177
 10
551.9411764705883
 20
-411.8235294117647
 10
551.5294117647059
 20
-415.5882352941176
 10
551.1176470588235
 20
-419.3529411764706
 10
550.7058823529412
 20
-423.11764705882354
 10
550.2941176470588
 20
-426.88235294117646
 10
549.8823529411765
 20
-430.6470588235294
 10
549.4705882352941
 20
-434.4117647058824
 10
549.0588235294117
 20
-438.1764705882353
 10
548.6470588235294
 20
-441.94117647058823
 10
548.2352941176471
 20
-445.70588235294116
 10
547.8235294117648
 20
-449.47058823529414
 10
547.4117647058823
 20
-453.2352941176471
 10
547.0
 20
-457.0
 10
544.9305555555555
 20
-460.375
 10
542.8611111111111
 20
-463.75
 10
540.7916666666666
 20
-467.125
 10
538.7222222222222
 20
-470.5
 10
536.6527777777778
 20
-473.875
 10
534.5833333333334
 20
-477.25
 10
532.5138888888889
 20
-480.625
 10
530.4444444444445
 20
-484.0
 10
528.375
 20
-487.375
 10
526.3055555555555
 20
-490.75
 10
524.2361111111111
 20
-494.125
 10
522.1666666666666
 20
-497.5
 10
520.0972222222222
 20
-500.875
 10
518.0277777777778
 20
-504.25
 10
515.9583333333334
 20
-507.625
 10
513.8888888888889
 20
-511.0
 10
511.81944444444446
 20
-514.375
 10
509.75
 20
-517.75
 10
507.68055555555554
 20
-521.125
 10
505.6111111111111
 20
-524.5
 10
503.5416666666667
 20
-527.875
 10
501.47222222222223
 20
-531.25
 10
499.40277777777777
 20
-534.625
 10
497.3333333333333
 20
-538.0
 10
495.2638888888889
 20
-541.375
 10
493.19444444444446
 20
-544.75
 10
491.125
 20
-548.125
 10
489.05555555555554
 20
-551.5
 10
486.9861111111111
 20
-554.875
 10
484.9166666666667
 20
-558.25
 10
482.84722222222223
 20
-561.625
 10
480.77777777777777
 20
-565.0
 10
478.70833333333337
 20
-568.375
 10
476.6388888888889
 20
-571.75
 10
474.56944444444446
 20
-575.125
 10
472.5
 20
-578.5
 10
470.43055555555554
 20
-581.875
 10
468.3611111111111
 20
-585.25
 10
466.2916666666667
 20
-588.625
 10
464.22222222222223
 20
-592.0
 10
462.15277777777777
 20
-595.375
 10
460.0833333333333
 20
-598.75
 10
458.0138888888889
 20
-602.125
 10
455.94444444444446
 20
-605.5
 10
453.875
 20
-608.875
 10
451.80555555555554
 20
-612.25
 10
449.7361111111111
 20
-615.625
 10
447.6666666666667
 20
-619.0
 10
445.59722222222223
 20
-622.375
 10
443.52777777777777
 20
-625.75
 10
441.4583333333333
 20
-629.125
 10
439.3888888888889
 20
-632.5
 10
437.31944444444446
 20
-635.875
 10
435.25
 20
-639.25
 10
433.18055555555554
 20
-642.625
 10
431.1111111111111
 20
-646.0
 10
429.0416666666667
 20
-649.375
 10
426.97222222222223
 20
-652.75
 10
424.90277777777777
 20
-656.125
 10
422.8333333333333
 20
-659.5
 10
420.7638888888889
 20
-662.875
 10
418.69444444444446
 20
-666.25
 10
416.625
 20
-669.625
 10
414.55555555555554
 20
-673.0
 10
412.4861111111111
 20
-676.375
 10
410.4166666666667
 20
-679.75
 10
408.34722222222223
 20
-683.125
 10
406.27777777777777
 20
-686.5
 10
404.2083333333333
 20
-689.875
 10
402.1388888888889
 20
-693.25
 10
400.06944444444446
 20
-696.625
 10
398.0
 20
-700.0
 10
400.5
 20
-702.5
 10
403.0
 20
-705.0
 10
405.5
 20
-707.5
 10
408.0
 20
-710.0
 10
410.5
 20
-712.5
 10
413.0
 20
-715.0
 10
415.3333333333333
 20
-718.1666666666666
 10
417.6666666666667
 20
-721.3333333333334
 10
420.0
 20
-724.5
 10
422.3333333333333
 20
-727.6666666666666
 10
424.6666666666667
 20
-730.8333333333334
 10
427.0
 20
-734.0
 10
429.0
 20
-734.5
 10
431.0
 20
-735.0
 10
432.875
 20
-732.0
 10
434.75
 20
-729.0
 10
436.625
 20
-726.0
 10
438.5
 20
-723.0
 10
440.375
 20
-720.0
 10
442.25
 20
-717.0
 10
444.125
 20
-714.0
 10
446.0
 20
-711.0
 10
449.94736842105266
 20
-711.0526315789474
 10
453.89473684210526
 20
-711.1052631578947
 10
457.8421052631579
 20
-711.1578947368421
 10
461.7894736842105
 20
-711.2105263157895
 10
465.7368421052632
 20
-711.2631578947369
 10
469.6842105263158
 20
-711.3157894736842
 10
473.63157894736844
 20
-711.3684210526316
 10
477.57894736842104
 20
-711.421052631579
 10
481.5263157894737
 20
-711.4736842105264
 10
485.4736842105263
 20
-711.5263157894736
 10
489.42105263157896
 20
-711.578947368421
 10
493.36842105263156
 20
-711.6315789473684
 10
497.3157894736842
 20
-711.6842105263158
 10
501.2631578947368
 20
-711.7368421052631
 10
505.2105263157895
 20
-711.7894736842105
 10
509.1578947368421
 20
-711.8421052631579
 10
513.1052631578948
 20
-711.8947368421053
 10
517.0526315789474
 20
-711.9473684210526
 10
521.0
 20
-712.0
 10
520.68
 20
-715.92
 10
520.36
 20
-719.84
 10
520.04
 20
-723.76
 10
519.72
 20
-727.68
 10
519.4
 20
-731.6
 10
519.08
 20
-735.52
 10
518.76
 20
-739.44
 10
518.44
 20
-743.36
 10
518.12
 20
-747.28
 10
517.8
 20
-751.2
 10
517.48
 20
-755.12
 10
517.16
 20
-759.04
 10
516.84
 20
-762.96
 10
516.52
 20
-766.88
 10
516.2
 20
-770.8
 10
515.88
 20
-774.72
 10
515.56
 20
-778.64
 10
515.24
 20
-782.56
 10
514.92
 20
-786.48
 10
514.6
 20
-790.4
 10
514.28
 20
-794.3199999999999
 10
513.96
 20
-798.24
 10
513.64
 20
-802.16
 10
513.32
 20
-806.08
 10
513.0
 20
-810.0
 10
516.625
 20
-809.875
 10
520.25
 20
-809.75
 10
523.875
 20
-809.625
 10
527.5
 20
-809.5
 10
531.125
 20
-809.375
 10
534.75
 20
-809.25
 10
538.375
 20
-809.125
 10
542.0
 20
-809.0
 10
542.2952380952381
 20
-805.047619047619
 10
542.5904761904762
 20
-801.0952380952381
 10
542.8857142857142
 20
-797.1428571428571
 10
543.1809523809524
 20
-793.1904761904761
 10
543.4761904761905
 20
-789.2380952380952
 10
543.7714285714286
 20
-785.2857142857143
 10
544.0666666666667
 20
-781.3333333333334
 10
544.3619047619047
 20
-777.3809523809524
 10
544.6571428571428
 20
-773.4285714285714
 10
544.952380952381
 20
-769.4761904761905
 10
545.2476190476191
 20
-765.5238095238095
 10
545.5428571428571
 20
-761.5714285714286
 10
545.8380952380952
 20
-757.6190476190476
 10
546.1333333333333
 20
-753.6666666666666
 10
546.4285714285714
 20
-749.7142857142857
 10
546.7238095238096
 20
-745.7619047619048
 10
547.0190476190476
 20
-741.8095238095239
 10
547.3142857142857
 20
-737.8571428571429
 10
547.6095238095238
 20
-733.9047619047619
 10
547.9047619047619
 20
-729.952380952381
 10
548.2
 20
-726.0
 10
548.495238095238
 20
-722.047619047619
 10
548.7904761904762
 20
-718.0952380952381
 10
549.0857142857143
 20
-714.1428571428571
 10
549.3809523809524
 20
-710.1904761904761
 10
549.6761904761905
 20
-706.2380952380952
 10
549.9714285714285
 20
-702.2857142857143
 10
550.2666666666667
 20
-698.3333333333334
 10
550.5619047619048
 20
-694.3809523809524
 10
550.8571428571429
 20
-690.4285714285714
 10
551.152380952381
 20
-686.4761904761905
 10
551.447619047619
 20
-682.5238095238095
 10
551.7428571428571
 20
-678.5714285714286
 10
552.0380952380953
 20
-674.6190476190476
 10
552.3333333333334
 20
-670.6666666666667
 10
552.6285714285714
 20
-666.7142857142858
 10
552.9238095238095
 20
-662.7619047619048
 10
553.2190476190476
 20
-658.8095238095239
 10
553.5142857142857
 20
-654.8571428571429
 10
553.8095238095239
 20
-650.9047619047619
 10
554.1047619047619
 20
-646.952380952381
 10
554.4
 20
-643.0
 10
554.6952380952381
 20
-639.047619047619
 10
554.9904761904762
 20
-635.0952380952381
 10
555.2857142857143
 20
-631.1428571428571
 10
555.5809523809523
 20
-627.1904761904761
 10
555.8761904761905
 20
-623.2380952380952
 10
556.1714285714286
 20
-619.2857142857142
 10
556.4666666666667
 20
-615.3333333333334
 10
556.7619047619048
 20
-611.3809523809524
 10
557.0571428571428
 20
-607.4285714285714
 10
557.3523809523809
 20
-603.4761904761905
 10
557.6476190476191
 20
-599.5238095238095
 10
557.9428571428572
 20
-595.5714285714286
 10
558.2380952380952
 20
-591.6190476190476
 10
558.5333333333333
 20
-587.6666666666666
 10
558.8285714285714
 20
-583.7142857142858
 10
559.1238095238095
 20
-579.7619047619048
 10
559.4190476190477
 20
-575.8095238095239
 10
559.7142857142857
 20
-571.8571428571429
 10
560.0095238095238
 20
-567.9047619047619
 10
560.3047619047619
 20
-563.952380952381
 10
560.6
 20
-560.0
 10
560.8952380952381
 20
-556.047619047619
 10
561.1904761904761
 20
-552.0952380952381
 10
561.4857142857143
 20
-548.1428571428571
 10
561.7809523809524
 20
-544.1904761904761
 10
562.0761904761905
 20
-540.2380952380952
 10
562.3714285714286
 20
-536.2857142857142
 10
562.6666666666666
 20
-532.3333333333334
 10
562.9619047619047
 20
-528.3809523809523
 10
563.2571428571429
 20
-524.4285714285714
 10
563.552380952381
 20
-520.4761904761905
 10
563.847619047619
 20
-516.5238095238095
 10
564.1428571428571
 20
-512.5714285714286
 10
564.4380952380952
 20
-508.61904761904765
 10
564.7333333333333
 20
-504.6666666666667
 10
565.0285714285715
 20
-500.7142857142857
 10
565.3238095238095
 20
-496.76190476190476
 10
565.6190476190476
 20
-492.80952380952385
 10
565.9142857142857
 20
-488.85714285714283
 10
566.2095238095238
 20
-484.9047619047619
 10
566.504761904762
 20
-480.95238095238096
 10
566.8
 20
-477.0
 10
567.0952380952381
 20
-473.04761904761904
 10
567.3904761904762
 20
-469.09523809523813
 10
567.6857142857143
 20
-465.1428571428571
 10
567.9809523809524
 20
-461.1904761904762
 10
568.2761904761904
 20
-457.23809523809524
 10
568.5714285714286
 20
-453.2857142857143
 10
568.8666666666667
 20
-449.3333333333333
 10
569.1619047619048
 20
-445.3809523809524
 10
569.4571428571428
 20
-441.42857142857144
 10
569.7523809523809
 20
-437.4761904761905
 10
570.047619047619
 20
-433.5238095238095
 10
570.3428571428572
 20
-429.57142857142856
 10
570.6380952380953
 20
-425.6190476190476
 10
570.9333333333333
 20
-421.6666666666667
 10
571.2285714285714
 20
-417.7142857142857
 10
571.5238095238095
 20
-413.76190476190476
 10
571.8190476190476
 20
-409.8095238095238
 10
572.1142857142858
 20
-405.85714285714283
 10
572.4095238095238
 20
-401.9047619047619
 10
572.7047619047619
 20
-397.95238095238096
 10
573.0
 20
-394.0
 10
575.0
 20
-392.0
 10
578.7777777777778
 20
-391.55555555555554
 10
582.5555555555555
 20
-391.1111111111111
 10
586.3333333333334
 20
-390.6666666666667
 10
590.1111111111111
 20
-390.22222222222223
 10
593.8888888888889
 20
-389.77777777777777
 10
597.6666666666666
 20
-389.3333333333333
 10
601.4444444444445
 20
-388.8888888888889
 10
605.2222222222222
 20
-388.44444444444446
 10
609.0
 20
-388.0
 10
612.7777777777778
 20
-388.0
 10
616.5555555555555
 20
-388.0
 10
620.3333333333334
 20
-388.0
 10
624.1111111111111
 20
-388.0
 10
627.8888888888889
 20
-388.0
 10
631.6666666666666
 20
-388.0
 10
635.4444444444445
 20
-388.0
 10
639.2222222222222
 20
-388.0
 10
643.0
 20
-388.0
 10
646.7777777777778
 20
-388.55555555555554
 10
650.5555555555555
 20
-389.1111111111111
 10
654.3333333333334
 20
-389.6666666666667
 10
658.1111111111111
 20
-390.22222222222223
 10
661.8888888888889
 20
-390.77777777777777
 10
665.6666666666666
 20
-391.3333333333333
 10
669.4444444444445
 20
-391.8888888888889
 10
673.2222222222222
 20
-392.44444444444446
 10
677.0
 20
-393.0
 10
677.3239436619718
 20
-396.9718309859155
 10
677.6478873239437
 20
-400.943661971831
 10
677.9718309859155
 20
-404.9154929577465
 10
678.2957746478874
 20
-408.88732394366195
 10
678.6197183098592
 20
-412.85915492957747
 10
678.943661971831
 20
-416.83098591549293
 10
679.2676056338029
 20
-420.80281690140845
 10
679.5915492957746
 20
-424.77464788732397
 10
679.9154929577464
 20
-428.7464788732394
 10
680.2394366197183
 20
-432.71830985915494
 10
680.5633802816901
 20
-436.6901408450704
 10
680.887323943662
 20
-440.6619718309859
 10
681.2112676056338
 20
-444.6338028169014
 10
681.5352112676056
 20
-448.6056338028169
 10
681.8591549295775
 20
-452.5774647887324
 10
682.1830985915493
 20
-456.5492957746479
 10
682.5070422535211
 20
-460.5211267605634
 10
682.830985915493
 20
-464.49295774647885
 10
683.1549295774648
 20
-468.46478873239437
 10
683.4788732394367
 20
-472.4366197183099
 10
683.8028169014085
 20
-476.40845070422534
 10
684.1267605633802
 20
-480.3802816901408
 10
684.4507042253521
 20
-484.3521126760563
 10
684.7746478873239
 20
-488.32394366197184
 10
685.0985915492957
 20
-492.2957746478873
 10
685.4225352112676
 20
-496.2676056338028
 10
685.7464788732394
 20
-500.2394366197183
 10
686.0704225352113
 20
-504.2112676056338
 10
686.3943661971831
 20
-508.1830985915493
 10
686.7183098591549
 20
-512.1549295774648
 10
687.0422535211268
 20
-516.1267605633802
 10
687.3661971830986
 20
-520.0985915492957
 10
687.6901408450705
 20
-524.0704225352113
 10
688.0140845070423
 20
-528.0422535211268
 10
688.3380281690141
 20
-532.0140845070423
 10
688.6619718309859
 20
-535.9859154929577
 10
688.9859154929577
 20
-539.9577464788732
 10
689.3098591549295
 20
-543.9295774647887
 10
689.6338028169014
 20
-547.9014084507043
 10
689.9577464788732
 20
-551.8732394366198
 10
690.2816901408451
 20
-555.8450704225352
 10
690.6056338028169
 20
-559.8169014084507
 10
690.9295774647887
 20
-563.7887323943662
 10
691.2535211267606
 20
-567.7605633802816
 10
691.5774647887324
 20
-571.7323943661972
 10
691.9014084507043
 20
-575.7042253521126
 10
692.2253521126761
 20
-579.6760563380282
 10
692.5492957746479
 20
-583.6478873239437
 10
692.8732394366198
 20
-587.6197183098591
 10
693.1971830985915
 20
-591.5915492957746
 10
693.5211267605633
 20
-595.5633802816901
 10
693.8450704225352
 20
-599.5352112676056
 10
694.169014084507
 20
-603.5070422535211
 10
694.4929577464789
 20
-607.4788732394366
 10
694.8169014084507
 20
-611.4507042253521
 10
695.1408450704225
 20
-615.4225352112676
 10
695.4647887323944
 20
-619.3943661971831
 10
695.7887323943662
 20
-623.3661971830986
 10
696.112676056338
 20
-627.338028169014
 10
696.4366197183099
 20
-631.3098591549295
 10
696.7605633802817
 20
-635.2816901408451
 10
697.0845070422536
 20
-639.2535211267606
 10
697.4084507042254
 20
-643.2253521126761
 10
697.7323943661972
 20
-647.1971830985915
 10
698.056338028169
 20
-651.1690140845071
 10
698.3802816901408
 20
-655.1408450704225
 10
698.7042253521126
 20
-659.112676056338
 10
699.0281690140845
 20
-663.0845070422536
 10
699.3521126760563
 20
-667.056338028169
 10
699.6760563380282
 20
-671.0281690140846
 10
700.0
 20
-675.0
 10
700.2647058823529
 20
-678.9705882352941
 10
700.5294117647059
 20
-682.9411764705883
 10
700.7941176470588
 20
-686.9117647058823
 10
701.0588235294117
 20
-690.8823529411765
 10
701.3235294117648
 20
-694.8529411764706
 10
701.5882352941177
 20
-698.8235294117648
 10
701.8529411764706
 20
-702.7941176470588
 10
702.1176470588235
 20
-706.7647058823529
 10
702.3823529411765
 20
-710.7352941176471
 10
702.6470588235294
 20
-714.7058823529412
 10
702.9117647058823
 20
-718.6764705882352
 10
703.1764705882352
 20
-722.6470588235294
 10
703.4411764705883
 20
-726.6176470588235
 10
703.7058823529412
 20
-730.5882352941177
 10
703.9705882352941
 20
-734.5588235294117
 10
704.2352941176471
 20
-738.5294117647059
 10
704.5
 20
-742.5
 10
704.7647058823529
 20
-746.4705882352941
 10
705.0294117647059
 20
-750.4411764705883
 10
705.2941176470588
 20
-754.4117647058823
 10
705.5588235294117
 20
-758.3823529411765
 10
705.8235294117648
 20
-762.3529411764706
 10
706.0882352941177
 20
-766.3235294117648
 10
706.3529411764706
 20
-770.2941176470588
 10
706.6176470588235
 20
-774.2647058823529
 10
706.8823529411765
 20
-778.2352941176471
 10
707.1470588235294
 20
-782.2058823529412
 10
707.4117647058823
 20
-786.1764705882352
 10
707.6764705882352
 20
-790.1470588235294
 10
707.9411764705883
 20
-794.1176470588235
 10
708.2058823529412
 20
-798.0882352941177
 10
708.4705882352941
 20
-802.0588235294117
 10
708.7352941176471
 20
-806.0294117647059
 10
709.0
 20
-810.0
 10
712.625
 20
-809.875
 10
716.25
 20
-809.75
 10
719.875
 20
-809.625
 10
723.5
 20
-809.5
 10
727.125
 20
-809.375
 10
730.75
 20
-809.25
 10
734.375
 20
-809.125
 10
738.0
 20
-809.0
 10
737.6086956521739
 20
-805.1739130434783
 10
737.2173913043479
 20
-801.3478260869565
 10
736.8260869565217
 20
-797.5217391304348
 10
736.4347826086956
 20
-793.695652173913
 10
736.0434782608696
 20
-789.8695652173913
 10
735.6521739130435
 20
-786.0434782608696
 10
735.2608695652174
 20
-782.2173913043479
 10
734.8695652173913
 20
-778.3913043478261
 10
734.4782608695652
 20
-774.5652173913044
 10
734.0869565217391
 20
-770.7391304347826
 10
733.695652173913
 20
-766.9130434782609
 10
733.304347826087
 20
-763.0869565217391
 10
732.9130434782609
 20
-759.2608695652174
 10
732.5217391304348
 20
-755.4347826086956
 10
732.1304347826087
 20
-751.6086956521739
 10
731.7391304347826
 20
-747.7826086956521
 10
731.3478260869565
 20
-743.9565217391305
 10
730.9565217391304
 20
-740.1304347826087
 10
730.5652173913044
 20
-736.304347826087
 10
730.1739130434783
 20
-732.4782608695652
 10
729.7826086956521
 20
-728.6521739130435
 10
729.3913043478261
 20
-724.8260869565217
 10
729.0
 20
-721.0
 10
729.3333333333334
 20
-717.6666666666666
 10
729.6666666666666
 20
-714.3333333333334
 10
730.0
 20
-711.0
 10
733.8947368421053
 20
-711.0
 10
737.7894736842105
 20
-711.0
 10
741.6842105263158
 20
-711.0
 10
745.578947368421
 20
-711.0
 10
749.4736842105264
 20
-711.0
 10
753.3684210526316
 20
-711.0
 10
757.2631578947369
 20
-711.0
 10
761.1578947368421
 20
-711.0
 10
765.0526315789474
 20
-711.0
 10
768.9473684210526
 20
-711.0
 10
772.8421052631579
 20
-711.0
 10
776.7368421052631
 20
-711.0
 10
780.6315789473684
 20
-711.0
 10
784.5263157894736
 20
-711.0
 10
788.421052631579
 20
-711.0
 10
792.3157894736842
 20
-711.0
 10
796.2105263157895
 20
-711.0
 10
800.1052631578948
 20
-711.0
 10
804.0
 20
-711.0
 10
806.0
 20
-714.125
 10
808.0
 20
-717.25
 10
810.0
 20
-720.375
 10
812.0
 20
-723.5
 10
814.0
 20
-726.625
 10
816.0
 20
-729.75
 10
818.0
 20
-732.875
 10
820.0
 20
-736.0
 10
823.0
 20
-736.0
 10
825.3333333333334
 20
-732.8333333333334
 10
827.6666666666666
 20
-729.6666666666666
 10
830.0
 20
-726.5
 10
832.3333333333334
 20
-723.3333333333334
 10
834.6666666666666
 20
-720.1666666666666
 10
837.0
 20
-717.0
 10
839.4
 20
-714.6
 10
841.8
 20
-712.2
 10
844.2
 20
-709.8
 10
846.6
 20
-707.4
 10
849.0
 20
-705.0
 10
850.5
 20
-702.0
 10
852.0
 20
-699.0
 10
849.9154929577464
 20
-695.6056338028169
 10
847.830985915493
 20
-692.2112676056338
 10
845.7464788732394
 20
-688.8169014084507
 10
843.6619718309859
 20
-685.4225352112676
 10
841.5774647887324
 20
-682.0281690140845
 10
839.4929577464789
 20
-678.6338028169014
 10
837.4084507042254
 20
-675.2394366197183
 10
835.3239436619718
 20
-671.8450704225352
 10
833.2394366197183
 20
-668.4507042253521
 10
831.1549295774648
 20
-665.056338028169
 10
829.0704225352113
 20
-661.661971830986
 10
826.9859154929577
 20
-658.2676056338028
 10
824.9014084507043
 20
-654.8732394366198
 10
822.8169014084507
 20
-651.4788732394367
 10
820.7323943661972
 20
-648.0845070422536
 10
818.6478873239437
 20
-644.6901408450705
 10
816.5633802816901
 20
-641.2957746478874
 10
814.4788732394367
 20
-637.9014084507043
 10
812.3943661971831
 20
-634.5070422535211
 10
810.3098591549295
 20
-631.112676056338
 10
808.2253521126761
 20
-627.7183098591549
 10
806.1408450704225
 20
-624.3239436619718
 10
804.056338028169
 20
-620.9295774647887
 10
801.9718309859155
 20
-617.5352112676056
 10
799.887323943662
 20
-614.1408450704225
 10
797.8028169014085
 20
-610.7464788732394
 10
795.7183098591549
 20
-607.3521126760563
 10
793.6338028169014
 20
-603.9577464788732
 10
791.5492957746479
 20
-600.5633802816901
 10
789.4647887323944
 20
-597.169014084507
 10
787.3802816901408
 20
-593.7746478873239
 10
785.2957746478874
 20
-590.3802816901408
 10
783.2112676056338
 20
-586.9859154929577
 10
781.1267605633802
 20
-583.5915492957747
 10
779.0422535211268
 20
-580.1971830985915
 10
776.9577464788732
 20
-576.8028169014085
 10
774.8732394366198
 20
-573.4084507042254
 10
772.7887323943662
 20
-570.0140845070423
 10
770.7042253521126
 20
-566.6197183098591
 10
768.6197183098592
 20
-563.2253521126761
 10
766.5352112676056
 20
-559.830985915493
 10
764.4507042253521
 20
-556.4366197183099
 10
762.3661971830986
 20
-553.0422535211268
 10
760.2816901408451
 20
-549.6478873239437
 10
758.1971830985915
 20
-546.2535211267606
 10
756.112676056338
 20
-542.8591549295775
 10
754.0281690140845
 20
-539.4647887323944
 10
751.943661971831
 20
-536.0704225352113
 10
749.8591549295775
 20
-532.6760563380282
 10
747.7746478873239
 20
-529.2816901408451
 10
745.6901408450705
 20
-525.887323943662
 10
743.6056338028169
 20
-522.4929577464789
 10
741.5211267605633
 20
-519.0985915492957
 10
739.4366197183099
 20
-515.7042253521126
 10
737.3521126760563
 20
-512.3098591549297
 10
735.2676056338029
 20
-508.9154929577465
 10
733.1830985915493
 20
-505.52112676056333
 10
731.0985915492957
 20
-502.1267605633803
 10
729.0140845070423
 20
-498.7323943661972
 10
726.9295774647887
 20
-495.3380281690141
 10
724.8450704225352
 20
-491.94366197183103
 10
722.7605633802817
 20
-488.54929577464793
 10
720.6760563380282
 20
-485.15492957746477
 10
718.5915492957747
 20
-481.7605633802817
 10
716.5070422535211
 20
-478.3661971830986
 10
714.4225352112676
 20
-474.9718309859155
 10
712.338028169014
 20
-471.5774647887324
 10
710.2535211267606
 20
-468.1830985915493
 10
708.169014084507
 20
-464.7887323943662
 10
706.0845070422536
 20
-461.3943661971831
 10
704.0
 20
-458.0
 10
703.5882352941177
 20
-454.1764705882353
 10
703.1764705882352
 20
-450.3529411764706
 10
702.7647058823529
 20
-446.52941176470586
 10
702.3529411764706
 20
-442.70588235294116
 10
701.9411764705883
 20
-438.88235294117646
 10
701.5294117647059
 20
-435.05882352941177
 10
701.1176470588235
 20
-431.2352941176471
 10
700.7058823529412
 20
-427.4117647058824
 10
700.2941176470588
 20
-423.5882352941176
 10
699.8823529411765
 20
-419.7647058823529
 10
699.4705882352941
 20
-415.94117647058823
 10
699.0588235294117
 20
-412.11764705882354
 10
698.6470588235294
 20
-408.29411764705884
 10
698.2352941176471
 20
-404.47058823529414
 10
697.8235294117648
 20
-400.6470588235294
 10
697.4117647058823
 20
-396.8235294117647
 10
697.0
 20
-393.0
 10
699.6666666666666
 20
-390.5
 10
702.3333333333334
 20
-388.0
 10
705.0
 20
-385.5
 10
707.6666666666666
 20
-383.0
 10
710.3333333333334
 20
-380.5
 10
713.0
 20
-378.0
 10
713.0
 20
-374.75
 10
713.0
 20
-371.5
 10
713.0
 20
-368.25
 10
713.0
 20
-365.0
 10
709.1111111111111
 20
-364.55555555555554
 10
705.2222222222222
 20
-364.1111111111111
 10
701.3333333333334
 20
-363.6666666666667
 10
697.4444444444445
 20
-363.22222222222223
 10
693.5555555555555
 20
-362.77777777777777
 10
689.6666666666666
 20
-362.3333333333333
 10
685.7777777777778
 20
-361.8888888888889
 10
681.8888888888889
 20
-361.44444444444446
 10
678.0
 20
-361.0
 10
674.1111111111111
 20
-360.55555555555554
 10
670.2222222222222
 20
-360.1111111111111
 10
666.3333333333334
 20
-359.6666666666667
 10
662.4444444444445
 20
-359.22222222222223
 10
658.5555555555555
 20
-358.77777777777777
 10
654.6666666666666
 20
-358.3333333333333
 10
650.7777777777778
 20
-357.8888888888889
 10
646.8888888888889
 20
-357.44444444444446
 10
643.0
 20
-357.0
 10
639.0769230769231
 20
-357.0769230769231
 10
635.1538461538462
 20
-357.15384615384613
 10
631.2307692307693
 20
-357.2307692307692
 10
627.3076923076923
 20
-357.3076923076923
 10
623.3846153846154
 20
-357.38461538461536
 10
619.4615384615385
 20
-357.46153846153845
 10
615.5384615384615
 20
-357.53846153846155
 10
611.6153846153846
 20
-357.61538461538464
 10
607.6923076923077
 20
-357.6923076923077
 10
603.7692307692307
 20
-357.7692307692308
 10
599.8461538461538
 20
-357.84615384615387
 10
595.9230769230769
 20
-357.9230769230769
 10
592.0
 20
-358.0
 10
588.1428571428571
 20
-358.5
 10
584.2857142857143
 20
-359.0
 10
580.4285714285714
 20
-359.5
 10
576.5714285714286
 20
-360.0
 10
572.7142857142857
 20
-360.5
 10
568.8571428571429
 20
-361.0
 10
565.0
 20
-361.5
 10
561.1428571428571
 20
-362.0
 10
557.2857142857143
 20
-362.5
 10
553.4285714285714
 20
-363.0
 10
549.5714285714286
 20
-363.5
 10
545.7142857142857
 20
-364.0
 10
541.8571428571429
 20
-364.5
 10
538.0
 20
-365.0
  0
LWPOLYLINE
  5
97
330
17
100
AcDbEntity
  8
0
100
AcDbPolyline
 90
81
 70
1
 10
716.0
 20
-573.0
 10
718.0
 20
-574.0
 10
720.0
 20
-575.0
 10
722.125
 20
-578.25
 10
724.25
 20
-581.5
 10
726.375
 20
-584.75
 10
728.5
 20
-588.0
 10
730.625
 20
-591.25
 10
732.75
 20
-594.5
 10
734.875
 20
-597.75
 10
737.0
 20
-601.0
 10
739.125
 20
-604.25
 10
741.25
 20
-607.5
 10
743.375
 20
-610.75
 10
745.5
 20
-614.0
 10
747.625
 20
-617.25
 10
749.75
 20
-620.5
 10
751.875
 20
-623.75
 10
754.0
 20
-627.0
 10
756.125
 20
-630.25
 10
758.25
 20
-633.5
 10
760.375
 20
-636.75
 10
762.5
 20
-640.0
 10
764.625
 20
-643.25
 10
766.75
 20
-646.5
 10
768.875
 20
-649.75
 10
771.0
 20
-653.0
 10
773.125
 20
-656.25
 10
775.25
 20
-659.5
 10
777.375
 20
-662.75
 10
779.5
 20
-666.0
 10
781.625
 20
-669.25
 10
783.75
 20
-672.5
 10
785.875
 20
-675.75
 10
788.0
 20
-679.0
 10
787.5
 20
-681.0
 10
787.0
 20
-683.0
 10
783.1875
 20
-682.9375
 10
779.375
 20
-682.875
 10
775.5625
 20
-682.8125
 10
771.75
 20
-682.75
 10
767.9375
 20
-682.6875
 10
764.125
 20
-682.625
 10
760.3125
 20
-682.5625
 10
756.5
 20
-682.5
 10
752.6875
 20
-682.4375
 10
748.875
 20
-682.375
 10
745.0625
 20
-682.3125
 10
741.25
 20
-682.25
 10
737.4375
 20
-682.1875
 10
733.625
 20
-682.125
 10
729.8125
 20
-682.0625
 10
726.0
 20
-682.0
 10
725.5769230769231
 20
-678.0769230769231
 10
725.1538461538462
 20
-674.1538461538462
 10
724.7307692307693
 20
-670.2307692307693
 10
724.3076923076923
 20
-666.3076923076923
 10
723.8846153846154
 20
-662.3846153846154
 10
723.4615384615385
 20
-658.4615384615385
 10
723.0384615384615
 20
-654.5384615384615
 10
722.6153846153846
 20
-650.6153846153846
 10
722.1923076923077
 20
-646.6923076923077
 10
721.7692307692307
 20
-642.7692307692307
 10
721.3461538461538
 20
-638.8461538461538
 10
720.9230769230769
 20
-634.9230769230769
 10
720.5
 20
-631.0
 10
720.0769230769231
 20
-627.0769230769231
 10
719.6538461538462
 20
-623.1538461538462
 10
719.2307692307693
 20
-619.2307692307693
 10
718.8076923076923
 20
-615.3076923076923
 10
718.3846153846154
 20
-611.3846153846154
 10
717.9615384615385
 20
-607.4615384615385
 10
717.5384615384615
 20
-603.5384615384615
 10
717.1153846153846
 20
-599.6153846153846
 10
716.6923076923077
 20
-595.6923076923077
 10
716.2692307692307
 20
-591.7692307692307
 10
715.8461538461538
 20
-587.8461538461538
 10
715.4230769230769
 20
-583.9230769230769
 10
715.0
 20
-580.0
 10
715.5
 20
-576.5
 10
716.0
 20
-573.0
  0
LWPOLYLINE
  5
98
330
17
100
AcDbEntity
  8
0
100
AcDbPolyline
 90
79
 70
1
 10
535.0
 20
-574.0
 10
534.6071428571429
 20
-577.8571428571429
 10
534.2142857142857
 20
-581.7142857142857
 10
533.8214285714286
 20
-585.5714285714286
 10
533.4285714285714
 20
-589.4285714285714
 10
533.0357142857143
 20
-593.2857142857143
 10
532.6428571428571
 20
-597.1428571428571
 10
532.25
 20
-601.0
 10
531.8571428571429
 20
-604.8571428571429
 10
531.4642857142857
 20
-608.7142857142857
 10
531.0714285714286
 20
-612.5714285714286
 10
530.6785714285714
 20
-616.4285714285714
 10
530.2857142857143
 20
-620.2857142857143
 10
529.8928571428571
 20
-624.1428571428571
 10
529.5
 20
-628.0
 10
529.1071428571429
 20
-631.8571428571429
 10
528.7142857142857
 20
-635.7142857142857
 10
528.3214285714286
 20
-639.5714285714286
 10
527.9285714285714
 20
-643.4285714285714
 10
527.5357142857143
 20
-647.2857142857143
 10
527.1428571428571
 20
-651.1428571428571
 10
526.75
 20
-655.0
 10
526.3571428571429
 20
-658.8571428571429
 10
525.9642857142857
 20
-662.7142857142857
 10
525.5714285714286
 20
-666.5714285714286
 10
525.1785714285714
 20
-670.4285714285714
 10
524.7857142857143
 20
-674.2857142857143
 10
524.3928571428571
 20
-678.1428571428571
 10
524.0
 20
-682.0
 10
520.125
 20
-682.0
 10
516.25
 20
-682.0
 10
512.375
 20
-682.0
 10
508.5
 20
-682.0
 10
504.625
 20
-682.0
 10
500.75
 20
-682.0
 10
496.875
 20
-682.0
 10
493.0
 20
-682.0
 10
489.125
 20
-682.0
 10
485.25
 20
-682.0
 10
481.375
 20
-682.0
 10
477.5
 20
-682.0
 10
473.625
 20
-682.0
 10
469.75
 20
-682.0
 10
465.875
 20
-682.0
 10
462.0
 20
-682.0
 10
463.0
 20
-679.0
 10
464.0
 20
-676.0
 10
466.19354838709677
 20
-672.6774193548387
 10
468.38709677419354
 20
-669.3548387096774
 10
470.5806451612903
 20
-666.0322580645161
 10
472.7741935483871
 20
-662.7096774193549
 10
474.96774193548384
 20
-659.3870967741935
 10
477.16129032258067
 20
-656.0645161290323
 10
479.35483870967744
 20
-652.741935483871
 10
481.5483870967742
 20
-649.4193548387096
 10
483.741935483871
 20
-646.0967741935484
 10
485.93548387096774
 20
-642.7741935483871
 10
488.1290322580645
 20
-639.4516129032259
 10
490.3225806451613
 20
-636.1290322580645
 10
492.51612903225805
 20
-632.8064516129032
 10
494.7096774193548
 20
-629.483870967742
 10
496.9032258064516
 20
-626.1612903225806
 10
499.0967741935484
 20
-622.8387096774194
 10
501.2903225806452
 20
-619.516129032258
 10
503.48387096774195
 20
-616.1935483870968
 10
505.6774193548387
 20
-612.8709677419355
 10
507.8709677419355
 20
-609.5483870967741
 10
510.06451612903226
 20
-606.2258064516129
 10
512.258064516129
 20
-602.9032258064516
 10
514.4516129032259
 20
-599.5806451612904
 10
516.6451612903226
 20
-596.258064516129
 10
518.8387096774194
 20
-592.9354838709678
 10
521.0322580645161
 20
-589.6129032258065
 10
523.2258064516129
 20
-586.2903225806451
 10
525.4193548387096
 20
-582.9677419354839
 10
527.6129032258065
 20
-579.6451612903226
 10
529.8064516129032
 20
-576.3225806451612
 10
532.0
 20
-573.0
 10
535.0
 20
-574.0
  0
LWPOLYLINE
  5
99
330
17
100
AcDbEntity
  8
0
100
AcDbPolyline
 90
224
 70
1
 10
566.0
 20
-254.0
 10
565.8571428571429
 20
-257.7142857142857
 10
565.7142857142857
 20
-261.42857142857144
 10
565.5714285714286
 20
-265.14285714285717
 10
565.4285714285714
 20
-268.85714285714283
 10
565.2857142857143
 20
-272.57142857142856
 10
565.1428571428571
 20
-276.2857142857143
 10
565.0
 20
-280.0
 10
564.8571428571429
 20
-283.7142857142857
 10
564.7142857142857
 20
-287.42857142857144
 10
564.5714285714286
 20
-291.14285714285717
 10
564.4285714285714
 20
-294.85714285714283
 10
564.2857142857143
 20
-298.57142857142856
 10
564.1428571428571
 20
-302.2857142857143
 10
564.0
 20
-306.0
 10
560.4
 20
-307.0
 10
556.8
 20
-308.0
 10
553.2
 20
-309.0
 10
549.6
 20
-310.0
 10
546.0
 20
-311.0
 10
546.0
 20
-314.8333333333333
 10
546.0
 20
-318.6666666666667
 10
546.0
 20
-322.5
 10
546.0
 20
-326.3333333333333
 10
546.0
 20
-330.1666666666667
 10
546.0
 20
-334.0
 10
546.0
 20
-337.8333333333333
 10
546.0
 20
-341.6666666666667
 10
546.0
 20
-345.5
 10
546.0
 20
-349.3333333333333
 10
546.0
 20
-353.1666666666667
 10
546.0
 20
-357.0
 10
549.8823529411765
 20
-356.5882352941176
 10
553.7647058823529
 20
-356.1764705882353
 10
557.6470588235294
 20
-355.7647058823529
 10
561.5294117647059
 20
-355.3529411764706
 10
565.4117647058823
 20
-354.94117647058823
 10
569.2941176470588
 20
-354.52941176470586
 10
573.1764705882352
 20
-354.11764705882354
 10
577.0588235294117
 20
-353.70588235294116
 10
580.9411764705883
 20
-353.29411764705884
 10
584.8235294117648
 20
-352.88235294117646
 10
588.7058823529412
 20
-352.47058823529414
 10
592.5882352941177
 20
-352.05882352941177
 10
596.4705882352941
 20
-351.6470588235294
 10
600.3529411764706
 20
-351.2352941176471
 10
604.2352941176471
 20
-350.8235294117647
 10
608.1176470588235
 20
-350.4117647058824
 10
612.0
 20
-350.0
 10
615.75
 20
-350.0833333333333
 10
619.5
 20
-350.1666666666667
 10
623.25
 20
-350.25
 10
627.0
 20
-350.3333333333333
 10
630.75
 20
-350.4166666666667
 10
634.5
 20
-350.5
 10
638.25
 20
-350.5833333333333
 10
642.0
 20
-350.6666666666667
 10
645.75
 20
-350.75
 10
649.5
 20
-350.8333333333333
 10
653.25
 20
-350.9166666666667
 10
657.0
 20
-351.0
 10
660.6923076923077
 20
-351.46153846153845
 10
664.3846153846154
 20
-351.9230769230769
 10
668.0769230769231
 20
-352.38461538461536
 10
671.7692307692307
 20
-352.84615384615387
 10
675.4615384615385
 20
-353.3076923076923
 10
679.1538461538462
 20
-353.7692307692308
 10
682.8461538461538
 20
-354.2307692307692
 10
686.5384615384615
 20
-354.6923076923077
 10
690.2307692307693
 20
-355.15384615384613
 10
693.9230769230769
 20
-355.61538461538464
 10
697.6153846153846
 20
-356.0769230769231
 10
701.3076923076923
 20
-356.53846153846155
 10
705.0
 20
-357.0
 10
705.0
 20
-353.1666666666667
 10
705.0
 20
-349.3333333333333
 10
705.0
 20
-345.5
 10
705.0
 20
-341.6666666666667
 10
705.0
 20
-337.8333333333333
 10
705.0
 20
-334.0
 10
705.0
 20
-330.1666666666667
 10
705.0
 20
-326.3333333333333
 10
705.0
 20
-322.5
 10
705.0
 20
-318.6666666666667
 10
705.0
 20
-314.8333333333333
 10
705.0
 20
-311.0
 10
701.6666666666666
 20
-310.0
 10
698.3333333333334
 20
-309.0
 10
695.0
 20
-308.0
 10
691.6666666666666
 20
-307.0
 10
688.3333333333334
 20
-306.0
 10
685.0
 20
-305.0
 10
684.9230769230769
 20
-301.0769230769231
 10
684.8461538461538
 20
-297.15384615384613
 10
684.7692307692307
 20
-293.2307692307692
 10
684.6923076923077
 20
-289.3076923076923
 10
684.6153846153846
 20
-285.38461538461536
 10
684.5384615384615
 20
-281.46153846153845
 10
684.4615384615385
 20
-277.53846153846155
 10
684.3846153846154
 20
-273.61538461538464
 10
684.3076923076923
 20
-269.6923076923077
 10
684.2307692307693
 20
-265.7692307692308
 10
684.1538461538462
 20
-261.84615384615387
 10
684.0769230769231
 20
-257.9230769230769
 10
684.0
 20
-254.0
 10
680.3333333333334
 20
-252.66666666666666
 10
676.6666666666666
 20
-251.33333333333334
 10
673.0
 20
-250.0
 10
672.9285714285714
 20
-253.78571428571428
 10
672.8571428571429
 20
-257.57142857142856
 10
672.7857142857143
 20
-261.35714285714283
 10
672.7142857142857
 20
-265.14285714285717
 10
672.6428571428571
 20
-268.92857142857144
 10
672.5714285714286
 20
-272.7142857142857
 10
672.5
 20
-276.5
 10
672.4285714285714
 20
-280.2857142857143
 10
672.3571428571429
 20
-284.07142857142856
 10
672.2857142857143
 20
-287.8571428571429
 10
672.2142857142857
 20
-291.6428571428571
 10
672.1428571428571
 20
-295.42857142857144
 10
672.0714285714286
 20
-299.2142857142857
 10
672.0
 20
-303.0
 10
668.75
 20
-302.5
 10
665.5
 20
-302.0
 10
662.25
 20
-301.5
 10
659.0
 20
-301.0
 10
658.8666666666667
 20
-297.26666666666665
 10
658.7333333333333
 20
-293.53333333333336
 10
658.6
 20
-289.8
 10
658.4666666666667
 20
-286.06666666666666
 10
658.3333333333334
 20
-282.3333333333333
 10
658.2
 20
-278.6
 10
658.0666666666667
 20
-274.8666666666667
 10
657.9333333333333
 20
-271.1333333333333
 10
657.8
 20
-267.4
 10
657.6666666666666
 20
-263.6666666666667
 10
657.5333333333333
 20
-259.93333333333334
 10
657.4
 20
-256.2
 10
657.2666666666667
 20
-252.46666666666667
 10
657.1333333333333
 20
-248.73333333333335
 10
657.0
 20
-245.0
 10
653.3333333333334
 20
-244.0
 10
649.6666666666666
 20
-243.0
 10
646.0
 20
-242.0
 10
645.9333333333333
 20
-245.86666666666667
 10
645.8666666666667
 20
-249.73333333333332
 10
645.8
 20
-253.6
 10
645.7333333333333
 20
-257.46666666666664
 10
645.6666666666666
 20
-261.3333333333333
 10
645.6
 20
-265.2
 10
645.5333333333333
 20
-269.06666666666666
 10
645.4666666666667
 20
-272.93333333333334
 10
645.4
 20
-276.8
 10
645.3333333333334
 20
-280.6666666666667
 10
645.2666666666667
 20
-284.5333333333333
 10
645.2
 20
-288.4
 10
645.1333333333333
 20
-292.26666666666665
 10
645.0666666666667
 20
-296.1333333333333
 10
645.0
 20
-300.0
 10
641.2727272727273
 20
-299.90909090909093
 10
637.5454545454545
 20
-299.8181818181818
 10
633.8181818181819
 20
-299.72727272727275
 10
630.0909090909091
 20
-299.6363636363636
 10
626.3636363636364
 20
-299.54545454545456
 10
622.6363636363636
 20
-299.45454545454544
 10
618.9090909090909
 20
-299.3636363636364
 10
615.1818181818181
 20
-299.27272727272725
 10
611.4545454545455
 20
-299.1818181818182
 10
607.7272727272727
 20
-299.09090909090907
 10
604.0
 20
-299.0
 10
604.0
 20
-295.2
 10
604.0
 20
-291.4
 10
604.0
 20
-287.6
 10
604.0
 20
-283.8
 10
604.0
 20
-280.0
 10
604.0
 20
-276.2
 10
604.0
 20
-272.4
 10
604.0
 20
-268.6
 10
604.0
 20
-264.8
 10
604.0
 20
-261.0
 10
604.0
 20
-257.2
 10
604.0
 20
-253.4
 10
604.0
 20
-249.6
 10
604.0
 20
-245.8
 10
604.0
 20
-242.0
 10
600.3333333333334
 20
-243.0
 10
596.6666666666666
 20
-244.0
 10
593.0
 20
-245.0
 10
592.9333333333333
 20
-248.73333333333332
 10
592.8666666666667
 20
-252.46666666666667
 10
592.8
 20
-256.2
 10
592.7333333333333
 20
-259.93333333333334
 10
592.6666666666666
 20
-263.6666666666667
 10
592.6
 20
-267.4
 10
592.5333333333333
 20
-271.1333333333333
 10
592.4666666666667
 20
-274.8666666666667
 10
592.4
 20
-278.6
 10
592.3333333333334
 20
-282.3333333333333
 10
592.2666666666667
 20
-286.06666666666666
 10
592.2
 20
-289.8
 10
592.1333333333333
 20
-293.5333333333333
 10
592.0666666666667
 20
-297.26666666666665
 10
592.0
 20
-301.0
 10
589.0
 20
-301.6666666666667
 10
586.0
 20
-302.3333333333333
 10
583.0
 20
-303.0
 10
580.0
 20
-302.5
 10
577.0
 20
-302.0
 10
577.0
 20
-298.0
 10
577.0
 20
-294.0
 10
577.0
 20
-290.0
 10
577.0
 20
-286.0
 10
577.0
 20
-282.0
 10
577.0
 20
-278.0
 10
577.0
 20
-274.0
 10
577.0
 20
-270.0
 10
577.0
 20
-266.0
 10
577.0
 20
-262.0
 10
577.0
 20
-258.0
 10
577.0
 20
-254.0
 10
577.0
 20
-250.0
 10
573.3333333333334
 20
-251.33333333333334
 10
569.6666666666666
 20
-252.66666666666666
 10
566.0
 20
-254.0
  0
LWPOLYLINE
  5
9A
330
17
100
AcDbEntity
  8
0
100
AcDbPolyline
 90
19
 70
1
 10
688.0
 20
-318.0
 10
690.0
 20
-318.5
 10
692.0
 20
-319.0
 10
692.0
 20
-322.85714285714283
 10
692.0
 20
-326.7142857142857
 10
692.0
 20
-330.57142857142856
 10
692.0
 20
-334.42857142857144
 10
692.0
 20
-338.2857142857143
 10
692.0
 20
-342.14285714285717
 10
692.0
 20
-346.0
 10
690.0
 20
-345.5
 10
688.0
 20
-345.0
 10
688.0
 20
-341.14285714285717
 10
688.0
 20
-337.2857142857143
 10
688.0
 20
-333.42857142857144
 10
688.0
 20
-329.57142857142856
 10
688.0
 20
-325.7142857142857
 10
688.0
 20
-321.85714285714283
 10
688.0
 20
-318.0
  0
LWPOLYLINE
  5
9B
330
17
100
AcDbEntity
  8
0
100
AcDbPolyline
 90
20
 70
1
 10
559.0
 20
-318.0
 10
561.0
 20
-318.5
 10
563.0
 20
-319.0
 10
562.8571428571429
 20
-322.7142857142857
 10
562.7142857142857
 20
-326.42857142857144
 10
562.5714285714286
 20
-330.14285714285717
 10
562.4285714285714
 20
-333.85714285714283
 10
562.2857142857143
 20
-337.57142857142856
 10
562.1428571428571
 20
-341.2857142857143
 10
562.0
 20
-345.0
 10
560.0
 20
-346.0
 10
557.0
 20
-345.0
 10
557.0
 20
-341.42857142857144
 10
557.0
 20
-337.85714285714283
 10
557.0
 20
-334.2857142857143
 10
557.0
 20
-330.7142857142857
 10
557.0
 20
-327.14285714285717
 10
557.0
 20
-323.57142857142856
 10
557.0
 20
-320.0
 10
559.0
 20
-318.0
  0
LWPOLYLINE
  5
9C
330
17
100
AcDbEntity
  8
0
100
AcDbPolyline
 90
19
 70
1
 10
674.0
 20
-315.0
 10
676.5
 20
-316.0
 10
679.0
 20
-317.0
 10
678.7142857142857
 20
-320.7142857142857
 10
678.4285714285714
 20
-324.42857142857144
 10
678.1428571428571
 20
-328.14285714285717
 10
677.8571428571429
 20
-331.85714285714283
 10
677.5714285714286
 20
-335.57142857142856
 10
677.2857142857143
 20
-339.2857142857143
 10
677.0
 20
-343.0
 10
675.0
 20
-342.5
 10
673.0
 20
-342.0
 10
673.1428571428571
 20
-338.14285714285717
 10
673.2857142857143
 20
-334.2857142857143
 10
673.4285714285714
 20
-330.42857142857144
 10
673.5714285714286
 20
-326.57142857142856
 10
673.7142857142857
 20
-322.7142857142857
 10
673.8571428571429
 20
-318.85714285714283
 10
674.0
 20
-315.0
  0
LWPOLYLINE
  5
9D
330
17
100
AcDbEntity
  8
0
100
AcDbPolyline
 90
19
 70
1
 10
573.0
 20
-315.0
 10
575.0
 20
-315.5
 10
577.0
 20
-316.0
 10
576.8571428571429
 20
-319.85714285714283
 10
576.7142857142857
 20
-323.7142857142857
 10
576.5714285714286
 20
-327.57142857142856
 10
576.4285714285714
 20
-331.42857142857144
 10
576.2857142857143
 20
-335.2857142857143
 10
576.1428571428571
 20
-339.14285714285717
 10
576.0
 20
-343.0
 10
574.0
 20
-342.5
 10
572.0
 20
-342.0
 10
572.1428571428571
 20
-338.14285714285717
 10
572.2857142857143
 20
-334.2857142857143
 10
572.4285714285714
 20
-330.42857142857144
 10
572.5714285714286
 20
-326.57142857142856
 10
572.7142857142857
 20
-322.7142857142857
 10
572.8571428571429
 20
-318.85714285714283
 10
573.0
 20
-315.0
  0
LWPOLYLINE
  5
9E
330
17
100
AcDbEntity
  8
0
100
AcDbPolyline
 90
19
 70
1
 10
659.0
 20
-313.0
 10
661.5
 20
-313.5
 10
664.0
 20
-314.0
 10
663.8571428571429
 20
-317.85714285714283
 10
663.7142857142857
 20
-321.7142857142857
 10
663.5714285714286
 20
-325.57142857142856
 10
663.4285714285714
 20
-329.42857142857144
 10
663.2857142857143
 20
-333.2857142857143
 10
663.1428571428571
 20
-337.14285714285717
 10
663.0
 20
-341.0
 10
660.5
 20
-340.5
 10
658.0
 20
-340.0
 10
658.1428571428571
 20
-336.14285714285717
 10
658.2857142857143
 20
-332.2857142857143
 10
658.4285714285714
 20
-328.42857142857144
 10
658.5714285714286
 20
-324.57142857142856
 10
658.7142857142857
 20
-320.7142857142857
 10
658.8571428571429
 20
-316.85714285714283
 10
659.0
 20
-313.0
  0
LWPOLYLINE
  5
9F
330
17
100
AcDbEntity
  8
0
100
AcDbPolyline
 90
21
 70
1
 10
587.0
 20
-313.0
 10
589.5
 20
-313.5
 10
592.0
 20
-314.0
 10
592.0
 20
-317.7142857142857
 10
592.0
 20
-321.42857142857144
 10
592.0
 20
-325.14285714285717
 10
592.0
 20
-328.85714285714283
 10
592.0
 20
-332.57142857142856
 10
592.0
 20
-336.2857142857143
 10
592.0
 20
-340.0
 10
590.0
 20
-342.0
 10
588.0
 20
-341.5
 10
586.0
 20
-341.0
 10
586.125
 20
-337.5
 10
586.25
 20
-334.0
 10
586.375
 20
-330.5
 10
586.5
 20
-327.0
 10
586.625
 20
-323.5
 10
586.75
 20
-320.0
 10
586.875
 20
-316.5
 10
587.0
 20
-313.0
  0
LWPOLYLINE
  5
A0
330
17
100
AcDbEntity
  8
0
100
AcDbPolyline
 90
20
 70
1
 10
645.0
 20
-311.0
 10
647.5
 20
-312.0
 10
650.0
 20
-313.0
 10
649.8571428571429
 20
-316.85714285714283
 10
649.7142857142857
 20
-320.7142857142857
 10
649.5714285714286
 20
-324.57142857142856
 10
649.4285714285714
 20
-328.42857142857144
 10
649.2857142857143
 20
-332.2857142857143
 10
649.1428571428571
 20
-336.14285714285717
 10
649.0
 20
-340.0
 10
646.5
 20
-339.5
 10
644.0
 20
-339.0
 10
644.125
 20
-335.5
 10
644.25
 20
-332.0
 10
644.375
 20
-328.5
 10
644.5
 20
-325.0
 10
644.625
 20
-321.5
 10
644.75
 20
-318.0
 10
644.875
 20
-314.5
 10
645.0
 20
-311.0
  0
LWPOLYLINE
  5
A1
330
17
100
AcDbEntity
  8
0
100
AcDbPolyline
 90
20
 70
1
 10
630.0
 20
-311.0
 10
632.5
 20
-311.5
 10
635.0
 20
-312.0
 10
634.875
 20
-315.5
 10
634.75
 20
-319.0
 10
634.625
 20
-322.5
 10
634.5
 20
-326.0
 10
634.375
 20
-329.5
 10
634.25
 20
-333.0
 10
634.125
 20
-336.5
 10
634.0
 20
-340.0
 10
631.5
 20
-339.0
 10
629.0
 20
-338.0
 10
629.1428571428571
 20
-334.14285714285717
 10
629.2857142857143
 20
-330.2857142857143
 10
629.4285714285714
 20
-326.42857142857144
 10
629.5714285714286
 20
-322.57142857142856
 10
629.7142857142857
 20
-318.7142857142857
 10
629.8571428571429
 20
-314.85714285714283
 10
630.0
 20
-311.0
  0
LWPOLYLINE
  5
A2
330
17
100
AcDbEntity
  8
0
100
AcDbPolyline
 90
21
 70
1
 10
616.0
 20
-311.0
 10
618.0
 20
-311.5
 10
620.0
 20
-312.0
 10
619.875
 20
-315.5
 10
619.75
 20
-319.0
 10
619.625
 20
-322.5
 10
619.5
 20
-326.0
 10
619.375
 20
-329.5
 10
619.25
 20
-333.0
 10
619.125
 20
-336.5
 10
619.0
 20
-340.0
 10
617.0
 20
-339.5
 10
615.0
 20
-339.0
 10
615.125
 20
-335.5
 10
615.25
 20
-332.0
 10
615.375
 20
-328.5
 10
615.5
 20
-325.0
 10
615.625
 20
-321.5
 10
615.75
 20
-318.0
 10
615.875
 20
-314.5
 10
616.0
 20
-311.0
  0
LWPOLYLINE
  5
A3
330
17
100
AcDbEntity
  8
0
100
AcDbPolyline
 90
21
 70
1
 10
602.0
 20
-311.0
 10
604.0
 20
-311.5
 10
606.0
 20
-312.0
 10
605.875
 20
-315.625
 10
605.75
 20
-319.25
 10
605.625
 20
-322.875
 10
605.5
 20
-326.5
 10
605.375
 20
-330.125
 10
605.25
 20
-333.75
 10
605.125
 20
-337.375
 10
605.0
 20
-341.0
 10
602.5
 20
-340.0
 10
600.0
 20
-339.0
 10
600.0
 20
-335.2857142857143
 10
600.0
 20
-331.57142857142856
 10
600.0
 20
-327.85714285714283
 10
600.0
 20
-324.14285714285717
 10
600.0
 20
-320.42857142857144
 10
600.0
 20
-316.7142857142857
 10
600.0
 20
-313.0
 10
602.0
 20
-311.0
  0
LWPOLYLINE
  5
A4
330
17
100
AcDbEntity
  8
0
100
AcDbPolyline
 90
114
 70
1
 10
550.0
 20
-237.0
 10
552.4
 20
-239.4
 10
554.8
 20
-241.8
 10
557.2
 20
-244.2
 10
559.6
 20
-246.6
 10
562.0
 20
-249.0
 10
566.0
 20
-249.0
 10
569.4444444444445
 20
-247.88888888888889
 10
572.8888888888889
 20
-246.77777777777777
 10
576.3333333333334
 20
-245.66666666666666
 10
579.7777777777778
 20
-244.55555555555554
 10
583.2222222222222
 20
-243.44444444444446
 10
586.6666666666666
 20
-242.33333333333334
 10
590.1111111111111
 20
-241.22222222222223
 10
593.5555555555555
 20
-240.11111111111111
 10
597.0
 20
-239.0
 10
600.75
 20
-238.25
 10
604.5
 20
-237.5
 10
608.25
 20
-236.75
 10
612.0
 20
-236.0
 10
615.75
 20
-235.25
 10
619.5
 20
-234.5
 10
623.25
 20
-233.75
 10
627.0
 20
-233.0
 10
630.875
 20
-233.875
 10
634.75
 20
-234.75
 10
638.625
 20
-235.625
 10
642.5
 20
-236.5
 10
646.375
 20
-237.375
 10
650.25
 20
-238.25
 10
654.125
 20
-239.125
 10
658.0
 20
-240.0
 10
661.375
 20
-241.25
 10
664.75
 20
-242.5
 10
668.125
 20
-243.75
 10
671.5
 20
-245.0
 10
674.875
 20
-246.25
 10
678.25
 20
-247.5
 10
681.625
 20
-248.75
 10
685.0
 20
-250.0
 10
687.6666666666666
 20
-247.83333333333334
 10
690.3333333333334
 20
-245.66666666666666
 10
693.0
 20
-243.5
 10
695.6666666666666
 20
-241.33333333333334
 10
698.3333333333334
 20
-239.16666666666666
 10
701.0
 20
-237.0
 10
698.25
 20
-235.5
 10
695.5
 20
-234.0
 10
692.75
 20
-232.5
 10
690.0
 20
-231.0
 10
687.0
 20
-228.66666666666666
 10
684.0
 20
-226.33333333333334
 10
681.0
 20
-224.0
 10
678.0
 20
-221.66666666666666
 10
675.0
 20
-219.33333333333334
 10
672.0
 20
-217.0
 10
669.0
 20
-214.66666666666666
 10
666.0
 20
-212.33333333333334
 10
663.0
 20
-210.0
 10
660.0
 20
-207.66666666666666
 10
657.0
 20
-205.33333333333334
 10
654.0
 20
-203.0
 10
651.0
 20
-200.66666666666666
 10
648.0
 20
-198.33333333333334
 10
645.0
 20
-196.0
 10
642.0
 20
-193.66666666666669
 10
639.0
 20
-191.33333333333334
 10
636.0
 20
-189.0
 10
637.25
 20
-186.0
 10
638.5
 20
-183.0
 10
639.75
 20
-180.0
 10
641.0
 20
-177.0
 10
640.3333333333334
 20
-173.33333333333334
 10
639.6666666666666
 20
-169.66666666666666
 10
639.0
 20
-166.0
 10
636.0
 20
-163.66666666666666
 10
633.0
 20
-161.33333333333334
 10
630.0
 20
-159.0
 10
627.0
 20
-159.0
 10
624.0
 20
-159.0
 10
621.0
 20
-159.0
 10
618.3333333333334
 20
-161.0
 10
615.6666666666666
 20
-163.0
 10
613.0
 20
-165.0
 10
612.0
 20
-167.66666666666666
 10
611.0
 20
-170.33333333333334
 10
610.0
 20
-173.0
 10
610.5
 20
-176.5
 10
611.0
 20
-180.0
 10
613.0
 20
-183.0
 10
615.0
 20
-186.0
 10
614.0
 20
-188.5
 10
613.0
 20
-191.0
 10
610.0
 20
-193.35294117647058
 10
607.0
 20
-195.7058823529412
 10
604.0
 20
-198.05882352941177
 10
601.0
 20
-200.41176470588235
 10
598.0
 20
-202.76470588235293
 10
595.0
 20
-205.11764705882354
 10
592.0
 20
-207.47058823529412
 10
589.0
 20
-209.8235294117647
 10
586.0
 20
-212.1764705882353
 10
583.0
 20
-214.52941176470588
 10
580.0
 20
-216.88235294117646
 10
577.0
 20
-219.23529411764707
 10
574.0
 20
-221.58823529411765
 10
571.0
 20
-223.94117647058823
 10
568.0
 20
-226.29411764705884
 10
565.0
 20
-228.64705882352942
 10
562.0
 20
-231.0
 10
559.0
 20
-232.5
 10
556.0
 20
-234.0
 10
553.0
 20
-235.5
 10
550.0
 20
-237.0
  0
ENDSEC
  0
SECTION
  2
OBJECTS
  0
DICTIONARY
  5
A
330
0
100
AcDbDictionary
281
1
  3
ACAD_COLOR
350
B
  3
ACAD_GROUP
350
C
  3
ACAD_LAYOUT
350
D
  3
ACAD_MATERIAL
350
E
  3
ACAD_MLEADERSTYLE
350
F
  3
ACAD_MLINESTYLE
350
10
  3
ACAD_PLOTSETTINGS
350
11
  3
ACAD_PLOTSTYLENAME
350
12
  3
ACAD_SCALELIST
350
14
  3
ACAD_TABLESTYLE
350
15
  3
ACAD_VISUALSTYLE
350
16
  3
EZDXF_META
350
2D
  0
DICTIONARY
  5
B
330
A
100
AcDbDictionary
281
1
  0
DICTIONARY
  5
C
330
A
100
AcDbDictionary
281
1
  0
DICTIONARY
  5
D
330
A
100
AcDbDictionary
281
1
  3
Model
350
1A
  3
Layout1
350
1E
  0
DICTIONARY
  5
E
330
A
100
AcDbDictionary
281
1
  3
ByBlock
350
1F
  3
ByLayer
350
20
  3
Global
350
21
  0
DICTIONARY
  5
F
330
A
100
AcDbDictionary
281
1
  3
Standard
350
2C
  0
DICTIONARY
  5
10
330
A
100
AcDbDictionary
281
1
  3
Standard
350
22
  0
DICTIONARY
  5
11
330
A
100
AcDbDictionary
281
1
  0
ACDBDICTIONARYWDFLT
  5
12
330
A
100
AcDbDictionary
281
1
  3
Normal
350
13
100
AcDbDictionaryWithDefault
340
13
  0
ACDBPLACEHOLDER
  5
13
330
12
  0
DICTIONARY
  5
14
330
A
100
AcDbDictionary
281
1
  0
DICTIONARY
  5
15
330
A
100
AcDbDictionary
281
1
  0
DICTIONARY
  5
16
330
A
100
AcDbDictionary
281
1
  3
2dWireframe
350
5A
  3
Basic
350
5B
  3
Brighten
350
5C
  3
ColorChange
350
5D
  3
Conceptual
350
5E
  3
Dim
350
5F
  3
EdgeColorOff
350
60
  3
Facepattern
350
61
  3
Flat
350
62
  3
FlatWithEdges
350
63
  3
Gouraud
350
64
  3
GouraudWithEdges
350
65
  3
Hidden
350
66
  3
JitterOff
350
67
  3
Linepattern
350
68
  3
Modeling
350
69
  3
OverhangOff
350
6A
  3
Realistic
350
6B
  3
Shaded
350
6C
  3
Shaded with edges
350
6D
  3
Shades of Gray
350
6E
  3
Sketchy
350
6F
  3
Thicken
350
70
  3
Wireframe
350
71
  3
X-Ray
350
72
  0
LAYOUT
  5
1A
330
D
100
AcDbPlotSettings
  1

  4
A3
  6

 40
7.5
 41
20.0
 42
7.5
 43
20.0
 44
420.0
 45
297.0
 46
0.0
 47
0.0
 48
0.0
 49
0.0
140
0.0
141
0.0
142
1.0
143
1.0
 70
1024
 72
1
 73
0
 74
5
  7

 75
16
 76
0
 77
2
 78
300
147
1.0
148
0.0
149
0.0
100
AcDbLayout
  1
Model
 70
1
 71
0
 10
0.0
 20
0.0
 11
420.0
 21
297.0
 12
0.0
 22
0.0
 32
0.0
 14
1e+20
 24
1e+20
 34
1e+20
 15
-1e+20
 25
-1e+20
 35
-1e+20
146
0.0
 13
0.0
 23
0.0
 33
0.0
 16
1.0
 26
0.0
 36
0.0
 17
0.0
 27
1.0
 37
0.0
 76
1
330
17
  0
LAYOUT
  5
1E
330
D
100
AcDbPlotSettings
  1

  4
A3
  6

 40
7.5
 41
20.0
 42
7.5
 43
20.0
 44
420.0
 45
297.0
 46
0.0
 47
0.0
 48
0.0
 49
0.0
140
0.0
141
0.0
142
1.0
143
1.0
 70
0
 72
1
 73
0
 74
5
  7

 75
16
 76
0
 77
2
 78
300
147
1.0
148
0.0
149
0.0
100
AcDbLayout
  1
Layout1
 70
1
 71
1
 10
0.0
 20
0.0
 11
420.0
 21
297.0
 12
0.0
 22
0.0
 32
0.0
 14
1e+20
 24
1e+20
 34
1e+20
 15
-1e+20
 25
-1e+20
 35
-1e+20
146
0.0
 13
0.0
 23
0.0
 33
0.0
 16
1.0
 26
0.0
 36
0.0
 17
0.0
 27
1.0
 37
0.0
 76
1
330
1B
  0
MATERIAL
  5
1F
102
{ACAD_REACTORS
330
E
102
}
330
E
100
AcDbMaterial
  1
ByBlock
  2

 70
0
 40
1.0
 71
1
 41
1.0
 91
-1023410177
 42
1.0
 72
1
  3

 73
1
 74
1
 75
1
 44
0.5
 73
0
 45
1.0
 46
1.0
 77
1
  4

 78
1
 79
1
170
1
 48
1.0
171
1
  6

172
1
173
1
174
1
140
1.0
141
1.0
175
1
  7

176
1
177
1
178
1
143
1.0
179
1
  8

270
1
271
1
272
1
145
1.0
146
1.0
273
1
  9

274
1
275
1
276
1
 42
1.0
 72
1
  3

 73
1
 74
1
 75
1
 94
63
  0
MATERIAL
  5
20
102
{ACAD_REACTORS
330
E
102
}
330
E
100
AcDbMaterial
  1
ByLayer
  2

 70
0
 40
1.0
 71
1
 41
1.0
 91
-1023410177
 42
1.0
 72
1
  3

 73
1
 74
1
 75
1
 44
0.5
 73
0
 45
1.0
 46
1.0
 77
1
  4

 78
1
 79
1
170
1
 48
1.0
171
1
  6

172
1
173
1
174
1
140
1.0
141
1.0
175
1
  7

176
1
177
1
178
1
143
1.0
179
1
  8

270
1
271
1
272
1
145
1.0
146
1.0
273
1
  9

274
1
275
1
276
1
 42
1.0
 72
1
  3

 73
1
 74
1
 75
1
 94
63
  0
MATERIAL
  5
21
102
{ACAD_REACTORS
330
E
102
}
330
E
100
AcDbMaterial
  1
Global
  2

 70
0
 40
1.0
 71
1
 41
1.0
 91
-1023410177
 42
1.0
 72
1
  3

 73
1
 74
1
 75
1
 44
0.5
 73
0
 45
1.0
 46
1.0
 77
1
  4

 78
1
 79
1
170
1
 48
1.0
171
1
  6

172
1
173
1
174
1
140
1.0
141
1.0
175
1
  7

176
1
177
1
178
1
143
1.0
179
1
  8

270
1
271
1
272
1
145
1.0
146
1.0
273
1
  9

274
1
275
1
276
1
 42
1.0
 72
1
  3

 73
1
 74
1
 75
1
 94
63
  0
MLINESTYLE
  5
22
102
{ACAD_REACTORS
330
10
102
}
330
10
100
AcDbMlineStyle
  2
Standard
 70
0
  3

 62
256
 51
90.0
 52
90.0
 71
2
 49
0.5
 62
256
  6
BYLAYER
 49
-0.5
 62
256
  6
BYLAYER
  0
MLEADERSTYLE
  5
2C
102
{ACAD_REACTORS
330
F
102
}
330
F
100
AcDbMLeaderStyle
179
2
170
2
171
1
172
0
 90
2
 40
0.0
 41
0.0
173
1
 91
-1056964608
 92
-2
290
1
 42
2.0
291
1
 43
8.0
  3
Standard
 44
4.0
300

342
29
174
1
175
1
176
0
178
1
 93
-1056964608
 45
4.0
292
0
297
0
 46
4.0
 94
-1056964608
 47
1.0
 49
1.0
140
1.0
294
1
141
0.0
177
0
142
1.0
295
0
296
0
143
3.75
271
0
272
9
273
9
  0
DICTIONARY
  5
2D
330
A
100
AcDbDictionary
280
1
281
1
  3
CREATED_BY_EZDXF
350
2E
  3
WRITTEN_BY_EZDXF
350
A7
  0
DICTIONARYVAR
  5
2E
330
2D
100
DictionaryVariables
280
0
  1
1.4.4 @ 2026-09-10T11:09:27.244797+00:00
  0
VISUALSTYLE
  5
5A
102
{ACAD_REACTORS
330
16
102
}
330
16
100
AcDbVisualStyle
  2
2dWireframe
 70
4
177
3
291
0
 70
58
 90
2
176
1
 90
2
176
1
 90
0
176
1
 90
0
176
1
 40
0.6
176
1
 40
30.0
176
1
 62
7
420
16777215
176
1
 90
1
176
1
 90
4
176
1
 62
7
176
1
 62
257
176
1
 90
1
176
1
 90
1
176
1
 40
1.0
176
1
 90
8
176
1
 62
7
176
1
 40
1.0
176
1
 90
1
176
1
 90
6
176
1
 90
2
176
1
 62
7
176
1
 90
5
176
1
 90
0
176
1
 90
0
176
1
290
0
176
1
 90
1
176
1
 40
0.0
176
1
 90
0
176
1
290
1
176
1
290
1
176
1
290
0
176
1
290
0
176
1
290
0
176
1
290
0
176
1
290
0
176
1
290
0
176
1
290
0
176
1
 90
50
176
1
 40
0.0
176
1
 40
1.0
176
1
 90
0
176
1
 62
18
420
0
176
1
 90
50
176
1
 90
3
176
1
 62
5
420
255
176
1
290
0
176
1
 90
50
176
1
 90
50
176
1
 90
50
176
1
290
0
176
1
 90
50
176
1
 62
256
176
0
 40
1.0
176
0
 90
2
176
1
  1
strokes_ogs.tif
176
1
290
0
176
1
 40
1.0
176
1
 40
1.0
176
1
  0
VISUALSTYLE
  5
5B
102
{ACAD_REACTORS
330
16
102
}
330
16
100
AcDbVisualStyle
  2
Basic
 70
7
177
3
291
1
 70
58
 90
2
176
1
 90
2
176
1
 90
0
176
1
 90
1
176
1
 40
0.6
176
1
 40
30.0
176
1
 62
7
420
16777215
176
1
 90
1
176
1
 90
4
176
1
 62
7
176
1
 62
257
176
1
 90
1
176
1
 90
1
176
1
 40
1.0
176
1
 90
8
176
1
 62
7
176
1
 40
1.0
176
1
 90
1
176
1
 90
6
176
1
 90
2
176
1
 62
7
176
1
 90
5
176
1
 90
0
176
1
 90
0
176
1
290
0
176
1
 90
1
176
1
 40
0.0
176
1
 90
0
176
1
290
0
176
1
290
1
176
1
290
1
176
1
290
0
176
1
290
0
176
1
290
0
176
1
290
0
176
1
290
0
176
1
290
0
176
1
 90
50
176
1
 40
0.0
176
1
 40
1.0
176
1
 90
0
176
1
 62
18
420
0
176
1
 90
50
176
1
 90
3
176
1
 62
5
420
255
176
1
290
0
176
1
 90
50
176
1
 90
50
176
1
 90
50
176
1
290
0
176
1
 90
50
176
1
 62
256
176
0
 40
1.0
176
0
 90
2
176
1
  1
strokes_ogs.tif
176
1
290
0
176
1
 40
1.0
176
1
 40
1.0
176
1
  0
VISUALSTYLE
  5
5C
102
{ACAD_REACTORS
330
16
102
}
330
16
100
AcDbVisualStyle
  2
Brighten
 70
12
177
3
291
1
 70
58
 90
2
176
1
 90
2
176
1
 90
0
176
1
 90
2
176
1
 40
0.6
176
1
 40
30.0
176
1
 62
7
420
16777215
176
1
 90
1
176
1
 90
4
176
1
 62
7
176
1
 62
257
176
1
 90
1
176
1
 90
1
176
1
 40
1.0
176
1
 90
8
176
1
 62
7
176
1
 40
1.0
176
1
 90
1
176
1
 90
6
176
1
 90
2
176
1
 62
7
176
1
 90
5
176
1
 90
0
176
1
 90
0
176
1
290
0
176
1
 90
1
176
1
 40
0.0
176
1
 90
0
176
1
290
0
176
1
290
1
176
1
290
1
176
1
290
0
176
1
290
0
176
1
290
0
176
1
290
0
176
1
290
0
176
1
290
0
176
1
 90
50
176
1
 40
0.0
176
1
 40
1.0
176
1
 90
0
176
1
 62
18
420
0
176
1
 90
50
176
1
 90
3
176
1
 62
5
420
255
176
1
290
0
176
1
 90
50
176
1
 90
50
176
1
 90
50
176
1
290
0
176
1
 90
50
176
1
 62
256
176
0
 40
1.0
176
0
 90
2
176
1
  1
strokes_ogs.tif
176
1
290
0
176
1
 40
1.0
176
1
 40
1.0
176
1
  0
VISUALSTYLE
  5
5D
102
{ACAD_REACTORS
330
16
102
}
330
16
100
AcDbVisualStyle
  2
ColorChange
 70
16
177
3
291
1
 70
58
 90
2
176
1
 90
2
176
1
 90
0
176
1
 90
2
176
1
 40
0.6
176
1
 40
30.0
176
1
 62
7
420
16777215
176
1
 90
1
176
1
 90
4
176
1
 62
7
176
1
 62
257
176
1
 90
1
176
1
 90
1
176
1
 40
1.0
176
1
 90
8
176
1
 62
7
176
1
 40
1.0
176
1
 90
1
176
1
 90
6
176
1
 90
2
176
1
 62
7
176
1
 90
5
176
1
 90
0
176
1
 90
0
176
1
290
0
176
1
 90
1
176
1
 40
0.0
176
1
 90
0
176
1
290
0
176
1
290
1
176
1
290
1
176
1
290
0
176
1
290
0
176
1
290
0
176
1
290
0
176
1
290
0
176
1
290
0
176
1
 90
50
176
1
 40
0.0
176
1
 40
1.0
176
1
 90
0
176
1
 62
18
420
0
176
1
 90
50
176
1
 90
3
176
1
 62
5
420
255
176
1
290
0
176
1
 90
50
176
1
 90
50
176
1
 90
50
176
1
290
0
176
1
 90
50
176
1
 62
256
176
0
 40
1.0
176
0
 90
2
176
1
  1
strokes_ogs.tif
176
1
290
0
176
1
 40
1.0
176
1
 40
1.0
176
1
  0
VISUALSTYLE
  5
5E
102
{ACAD_REACTORS
330
16
102
}
330
16
100
AcDbVisualStyle
  2
Conceptual
 70
9
177
3
291
0
 70
58
 90
2
176
1
 90
2
176
1
 90
0
176
1
 90
3
176
1
 40
0.6
176
1
 40
30.0
176
1
 62
7
420
16777215
176
1
 90
1
176
1
 90
4
176
1
 62
7
176
1
 62
257
176
1
 90
1
176
1
 90
1
176
1
 40
1.0
176
1
 90
8
176
1
 62
7
176
1
 40
1.0
176
1
 90
1
176
1
 90
6
176
1
 90
2
176
1
 62
7
176
1
 90
5
176
1
 90
0
176
1
 90
0
176
1
290
0
176
1
 90
1
176
1
 40
0.0
176
1
 90
0
176
1
290
0
176
1
290
1
176
1
290
1
176
1
290
0
176
1
290
0
176
1
290
0
176
1
290
0
176
1
290
0
176
1
290
0
176
1
 90
50
176
1
 40
0.0
176
1
 40
1.0
176
1
 90
0
176
1
 62
18
420
0
176
1
 90
50
176
1
 90
3
176
1
 62
5
420
255
176
1
290
0
176
1
 90
50
176
1
 90
50
176
1
 90
50
176
1
290
0
176
1
 90
50
176
1
 62
256
176
0
 40
1.0
176
0
 90
2
176
1
  1
strokes_ogs.tif
176
1
290
0
176
1
 40
1.0
176
1
 40
1.0
176
1
  0
VISUALSTYLE
  5
5F
102
{ACAD_REACTORS
330
16
102
}
330
16
100
AcDbVisualStyle
  2
Dim
 70
11
177
3
291
1
 70
58
 90
2
176
1
 90
2
176
1
 90
0
176
1
 90
2
176
1
 40
0.6
176
1
 40
30.0
176
1
 62
7
420
16777215
176
1
 90
1
176
1
 90
4
176
1
 62
7
176
1
 62
257
176
1
 90
1
176
1
 90
1
176
1
 40
1.0
176
1
 90
8
176
1
 62
7
176
1
 40
1.0
176
1
 90
1
176
1
 90
6
176
1
 90
2
176
1
 62
7
176
1
 90
5
176
1
 90
0
176
1
 90
0
176
1
290
0
176
1
 90
1
176
1
 40
0.0
176
1
 90
0
176
1
290
0
176
1
290
1
176
1
290
1
176
1
290
0
176
1
290
0
176
1
290
0
176
1
290
0
176
1
290
0
176
1
290
0
176
1
 90
50
176
1
 40
0.0
176
1
 40
1.0
176
1
 90
0
176
1
 62
18
420
0
176
1
 90
50
176
1
 90
3
176
1
 62
5
420
255
176
1
290
0
176
1
 90
50
176
1
 90
50
176
1
 90
50
176
1
290
0
176
1
 90
50
176
1
 62
256
176
0
 40
1.0
176
0
 90
2
176
1
  1
strokes_ogs.tif
176
1
290
0
176
1
 40
1.0
176
1
 40
1.0
176
1
  0
VISUALSTYLE
  5
60
102
{ACAD_REACTORS
330
16
102
}
330
16
100
AcDbVisualStyle
  2
EdgeColorOff
 70
22
177
3
291
1
 70
58
 90
2
176
1
 90
2
176
1
 90
0
176
1
 90
2
176
1
 40
0.6
176
1
 40
30.0
176
1
 62
7
420
16777215
176
1
 90
1
176
1
 90
4
176
1
 62
7
176
1
 62
257
176
1
 90
1
176
1
 90
1
176
1
 40
1.0
176
1
 90
8
176
1
 62
7
176
1
 40
1.0
176
1
 90
1
176
1
 90
6
176
1
 90
2
176
1
 62
7
176
1
 90
5
176
1
 90
0
176
1
 90
0
176
1
290
0
176
1
 90
1
176
1
 40
0.0
176
1
 90
0
176
1
290
0
176
1
290
1
176
1
290
1
176
1
290
0
176
1
290
0
176
1
290
0
176
1
290
0
176
1
290
0
176
1
290
0
176
1
 90
50
176
1
 40
0.0
176
1
 40
1.0
176
1
 90
0
176
1
 62
18
420
0
176
1
 90
50
176
1
 90
3
176
1
 62
5
420
255
176
1
290
0
176
1
 90
50
176
1
 90
50
176
1
 90
50
176
1
290
0
176
1
 90
50
176
1
 62
256
176
0
 40
1.0
176
0
 90
2
176
1
  1
strokes_ogs.tif
176
1
290
0
176
1
 40
1.0
176
1
 40
1.0
176
1
  0
VISUALSTYLE
  5
61
102
{ACAD_REACTORS
330
16
102
}
330
16
100
AcDbVisualStyle
  2
Facepattern
 70
15
177
3
291
1
 70
58
 90
2
176
1
 90
2
176
1
 90
0
176
1
 90
2
176
1
 40
0.6
176
1
 40
30.0
176
1
 62
7
420
16777215
176
1
 90
1
176
1
 90
4
176
1
 62
7
176
1
 62
257
176
1
 90
1
176
1
 90
1
176
1
 40
1.0
176
1
 90
8
176
1
 62
7
176
1
 40
1.0
176
1
 90
1
176
1
 90
6
176
1
 90
2
176
1
 62
7
176
1
 90
5
176
1
 90
0
176
1
 90
0
176
1
290
0
176
1
 90
1
176
1
 40
0.0
176
1
 90
0
176
1
290
0
176
1
290
1
176
1
290
1
176
1
290
0
176
1
290
0
176
1
290
0
176
1
290
0
176
1
290
0
176
1
290
0
176
1
 90
50
176
1
 40
0.0
176
1
 40
1.0
176
1
 90
0
176
1
 62
18
420
0
176
1
 90
50
176
1
 90
3
176
1
 62
5
420
255
176
1
290
0
176
1
 90
50
176
1
 90
50
176
1
 90
50
176
1
290
0
176
1
 90
50
176
1
 62
256
176
0
 40
1.0
176
0
 90
2
176
1
  1
strokes_ogs.tif
176
1
290
0
176
1
 40
1.0
176
1
 40
1.0
176
1
  0
VISUALSTYLE
  5
62
102
{ACAD_REACTORS
330
16
102
}
330
16
100
AcDbVisualStyle
  2
Flat
 70
0
177
3
291
1
 70
58
 90
2
176
1
 90
2
176
1
 90
0
176
1
 90
2
176
1
 40
0.6
176
1
 40
30.0
176
1
 62
7
420
16777215
176
1
 90
1
176
1
 90
4
176
1
 62
7
176
1
 62
257
176
1
 90
1
176
1
 90
1
176
1
 40
1.0
176
1
 90
8
176
1
 62
7
176
1
 40
1.0
176
1
 90
1
176
1
 90
6
176
1
 90
2
176
1
 62
7
176
1
 90
5
176
1
 90
0
176
1
 90
0
176
1
290
0
176
1
 90
1
176
1
 40
0.0
176
1
 90
0
176
1
290
0
176
1
290
1
176
1
290
1
176
1
290
0
176
1
290
0
176
1
290
0
176
1
290
0
176
1
290
0
176
1
290
0
176
1
 90
50
176
1
 40
0.0
176
1
 40
1.0
176
1
 90
0
176
1
 62
18
420
0
176
1
 90
50
176
1
 90
3
176
1
 62
5
420
255
176
1
290
0
176
1
 90
50
176
1
 90
50
176
1
 90
50
176
1
290
0
176
1
 90
50
176
1
 62
256
176
0
 40
1.0
176
0
 90
2
176
1
  1
strokes_ogs.tif
176
1
290
0
176
1
 40
1.0
176
1
 40
1.0
176
1
  0
VISUALSTYLE
  5
63
102
{ACAD_REACTORS
330
16
102
}
330
16
100
AcDbVisualStyle
  2
FlatWithEdges
 70
1
177
3
291
1
 70
58
 90
2
176
1
 90
2
176
1
 90
0
176
1
 90
2
176
1
 40
0.6
176
1
 40
30.0
176
1
 62
7
420
16777215
176
1
 90
1
176
1
 90
4
176
1
 62
7
176
1
 62
257
176
1
 90
1
176
1
 90
1
176
1
 40
1.0
176
1
 90
8
176
1
 62
7
176
1
 40
1.0
176
1
 90
1
176
1
 90
6
176
1
 90
2
176
1
 62
7
176
1
 90
5
176
1
 90
0
176
1
 90
0
176
1
290
0
176
1
 90
1
176
1
 40
0.0
176
1
 90
0
176
1
290
0
176
1
290
1
176
1
290
1
176
1
290
0
176
1
290
0
176
1
290
0
176
1
290
0
176
1
290
0
176
1
290
0
176
1
 90
50
176
1
 40
0.0
176
1
 40
1.0
176
1
 90
0
176
1
 62
18
420
0
176
1
 90
50
176
1
 90
3
176
1
 62
5
420
255
176
1
290
0
176
1
 90
50
176
1
 90
50
176
1
 90
50
176
1
290
0
176
1
 90
50
176
1
 62
256
176
0
 40
1.0
176
0
 90
2
176
1
  1
strokes_ogs.tif
176
1
290
0
176
1
 40
1.0
176
1
 40
1.0
176
1
  0
VISUALSTYLE
  5
64
102
{ACAD_REACTORS
330
16
102
}
330
16
100
AcDbVisualStyle
  2
Gouraud
 70
2
177
3
291
1
 70
58
 90
2
176
1
 90
2
176
1
 90
0
176
1
 90
2
176
1
 40
0.6
176
1
 40
30.0
176
1
 62
7
420
16777215
176
1
 90
1
176
1
 90
4
176
1
 62
7
176
1
 62
257
176
1
 90
1
176
1
 90
1
176
1
 40
1.0
176
1
 90
8
176
1
 62
7
176
1
 40
1.0
176
1
 90
1
176
1
 90
6
176
1
 90
2
176
1
 62
7
176
1
 90
5
176
1
 90
0
176
1
 90
0
176
1
290
0
176
1
 90
1
176
1
 40
0.0
176
1
 90
0
176
1
290
0
176
1
290
1
176
1
290
1
176
1
290
0
176
1
290
0
176
1
290
0
176
1
290
0
176
1
290
0
176
1
290
0
176
1
 90
50
176
1
 40
0.0
176
1
 40
1.0
176
1
 90
0
176
1
 62
18
420
0
176
1
 90
50
176
1
 90
3
176
1
 62
5
420
255
176
1
290
0
176
1
 90
50
176
1
 90
50
176
1
 90
50
176
1
290
0
176
1
 90
50
176
1
 62
256
176
0
 40
1.0
176
0
 90
2
176
1
  1
strokes_ogs.tif
176
1
290
0
176
1
 40
1.0
176
1
 40
1.0
176
1
  0
VISUALSTYLE
  5
65
102
{ACAD_REACTORS
330
16
102
}
330
16
100
AcDbVisualStyle
  2
GouraudWithEdges
 70
3
177
3
291
1
 70
58
 90
2
176
1
 90
2
176
1
 90
0
176
1
 90
2
176
1
 40
0.6
176
1
 40
30.0
176
1
 62
7
420
16777215
176
1
 90
1
176
1
 90
4
176
1
 62
7
176
1
 62
257
176
1
 90
1
176
1
 90
1
176
1
 40
1.0
176
1
 90
8
176
1
 62
7
176
1
 40
1.0
176
1
 90
1
176
1
 90
6
176
1
 90
2
176
1
 62
7
176
1
 90
5
176
1
 90
0
176
1
 90
0
176
1
290
0
176
1
 90
1
176
1
 40
0.0
176
1
 90
0
176
1
290
0
176
1
290
1
176
1
290
1
176
1
290
0
176
1
290
0
176
1
290
0
176
1
290
0
176
1
290
0
176
1
290
0
176
1
 90
50
176
1
 40
0.0
176
1
 40
1.0
176
1
 90
0
176
1
 62
18
420
0
176
1
 90
50
176
1
 90
3
176
1
 62
5
420
255
176
1
290
0
176
1
 90
50
176
1
 90
50
176
1
 90
50
176
1
290
0
176
1
 90
50
176
1
 62
256
176
0
 40
1.0
176
0
 90
2
176
1
  1
strokes_ogs.tif
176
1
290
0
176
1
 40
1.0
176
1
 40
1.0
176
1
  0
VISUALSTYLE
  5
66
102
{ACAD_REACTORS
330
16
102
}
330
16
100
AcDbVisualStyle
  2
Hidden
 70
6
177
3
291
0
 70
58
 90
2
176
1
 90
2
176
1
 90
0
176
1
 90
1
176
1
 40
0.6
176
1
 40
30.0
176
1
 62
7
420
16777215
176
1
 90
1
176
1
 90
4
176
1
 62
7
176
1
 62
257
176
1
 90
1
176
1
 90
1
176
1
 40
1.0
176
1
 90
8
176
1
 62
7
176
1
 40
1.0
176
1
 90
1
176
1
 90
6
176
1
 90
2
176
1
 62
7
176
1
 90
5
176
1
 90
0
176
1
 90
0
176
1
290
0
176
1
 90
1
176
1
 40
0.0
176
1
 90
0
176
1
290
0
176
1
290
1
176
1
290
1
176
1
290
0
176
1
290
0
176
1
290
0
176
1
290
0
176
1
290
0
176
1
290
0
176
1
 90
50
176
1
 40
0.0
176
1
 40
1.0
176
1
 90
0
176
1
 62
18
420
0
176
1
 90
50
176
1
 90
3
176
1
 62
5
420
255
176
1
290
0
176
1
 90
50
176
1
 90
50
176
1
 90
50
176
1
290
0
176
1
 90
50
176
1
 62
256
176
0
 40
1.0
176
0
 90
2
176
1
  1
strokes_ogs.tif
176
1
290
0
176
1
 40
1.0
176
1
 40
1.0
176
1
  0
VISUALSTYLE
  5
67
102
{ACAD_REACTORS
330
16
102
}
330
16
100
AcDbVisualStyle
  2
JitterOff
 70
20
177
3
291
1
 70
58
 90
2
176
1
 90
2
176
1
 90
0
176
1
 90
2
176
1
 40
0.6
176
1
 40
30.0
176
1
 62
7
420
16777215
176
1
 90
1
176
1
 90
4
176
1
 62
7
176
1
 62
257
176
1
 90
1
176
1
 90
1
176
1
 40
1.0
176
1
 90
8
176
1
 62
7
176
1
 40
1.0
176
1
 90
1
176
1
 90
6
176
1
 90
2
176
1
 62
7
176
1
 90
5
176
1
 90
0
176
1
 90
0
176
1
290
0
176
1
 90
1
176
1
 40
0.0
176
1
 90
0
176
1
290
0
176
1
290
1
176
1
290
1
176
1
290
0
176
1
290
0
176
1
290
0
176
1
290
0
176
1
290
0
176
1
290
0
176
1
 90
50
176
1
 40
0.0
176
1
 40
1.0
176
1
 90
0
176
1
 62
18
420
0
176
1
 90
50
176
1
 90
3
176
1
 62
5
420
255
176
1
290
0
176
1
 90
50
176
1
 90
50
176
1
 90
50
176
1
290
0
176
1
 90
50
176
1
 62
256
176
0
 40
1.0
176
0
 90
2
176
1
  1
strokes_ogs.tif
176
1
290
0
176
1
 40
1.0
176
1
 40
1.0
176
1
  0
VISUALSTYLE
  5
68
102
{ACAD_REACTORS
330
16
102
}
330
16
100
AcDbVisualStyle
  2
Linepattern
 70
14
177
3
291
1
 70
58
 90
2
176
1
 90
2
176
1
 90
0
176
1
 90
2
176
1
 40
0.6
176
1
 40
30.0
176
1
 62
7
420
16777215
176
1
 90
1
176
1
 90
4
176
1
 62
7
176
1
 62
257
176
1
 90
1
176
1
 90
1
176
1
 40
1.0
176
1
 90
8
176
1
 62
7
176
1
 40
1.0
176
1
 90
1
176
1
 90
6
176
1
 90
2
176
1
 62
7
176
1
 90
5
176
1
 90
0
176
1
 90
0
176
1
290
0
176
1
 90
1
176
1
 40
0.0
176
1
 90
0
176
1
290
0
176
1
290
1
176
1
290
1
176
1
290
0
176
1
290
0
176
1
290
0
176
1
290
0
176
1
290
0
176
1
290
0
176
1
 90
50
176
1
 40
0.0
176
1
 40
1.0
176
1
 90
0
176
1
 62
18
420
0
176
1
 90
50
176
1
 90
3
176
1
 62
5
420
255
176
1
290
0
176
1
 90
50
176
1
 90
50
176
1
 90
50
176
1
290
0
176
1
 90
50
176
1
 62
256
176
0
 40
1.0
176
0
 90
2
176
1
  1
strokes_ogs.tif
176
1
290
0
176
1
 40
1.0
176
1
 40
1.0
176
1
  0
VISUALSTYLE
  5
69
102
{ACAD_REACTORS
330
16
102
}
330
16
100
AcDbVisualStyle
  2
Modeling
 70
10
177
3
291
0
 70
58
 90
2
176
1
 90
2
176
1
 90
0
176
1
 90
2
176
1
 40
0.6
176
1
 40
30.0
176
1
 62
7
420
16777215
176
1
 90
1
176
1
 90
4
176
1
 62
7
176
1
 62
257
176
1
 90
1
176
1
 90
1
176
1
 40
1.0
176
1
 90
8
176
1
 62
7
176
1
 40
1.0
176
1
 90
1
176
1
 90
6
176
1
 90
2
176
1
 62
7
176
1
 90
5
176
1
 90
0
176
1
 90
0
176
1
290
0
176
1
 90
1
176
1
 40
0.0
176
1
 90
0
176
1
290
0
176
1
290
1
176
1
290
1
176
1
290
0
176
1
290
0
176
1
290
0
176
1
290
0
176
1
290
0
176
1
290
0
176
1
 90
50
176
1
 40
0.0
176
1
 40
1.0
176
1
 90
0
176
1
 62
18
420
0
176
1
 90
50
176
1
 90
3
176
1
 62
5
420
255
176
1
290
0
176
1
 90
50
176
1
 90
50
176
1
 90
50
176
1
290
0
176
1
 90
50
176
1
 62
256
176
0
 40
1.0
176
0
 90
2
176
1
  1
strokes_ogs.tif
176
1
290
0
176
1
 40
1.0
176
1
 40
1.0
176
1
  0
VISUALSTYLE
  5
6A
102
{ACAD_REACTORS
330
16
102
}
330
16
100
AcDbVisualStyle
  2
OverhangOff
 70
21
177
3
291
1
 70
58
 90
2
176
1
 90
2
176
1
 90
0
176
1
 90
2
176
1
 40
0.6
176
1
 40
30.0
176
1
 62
7
420
16777215
176
1
 90
1
176
1
 90
4
176
1
 62
7
176
1
 62
257
176
1
 90
1
176
1
 90
1
176
1
 40
1.0
176
1
 90
8
176
1
 62
7
176
1
 40
1.0
176
1
 90
1
176
1
 90
6
176
1
 90
2
176
1
 62
7
176
1
 90
5
176
1
 90
0
176
1
 90
0
176
1
290
0
176
1
 90
1
176
1
 40
0.0
176
1
 90
0
176
1
290
0
176
1
290
1
176
1
290
1
176
1
290
0
176
1
290
0
176
1
290
0
176
1
290
0
176
1
290
0
176
1
290
0
176
1
 90
50
176
1
 40
0.0
176
1
 40
1.0
176
1
 90
0
176
1
 62
18
420
0
176
1
 90
50
176
1
 90
3
176
1
 62
5
420
255
176
1
290
0
176
1
 90
50
176
1
 90
50
176
1
 90
50
176
1
290
0
176
1
 90
50
176
1
 62
256
176
0
 40
1.0
176
0
 90
2
176
1
  1
strokes_ogs.tif
176
1
290
0
176
1
 40
1.0
176
1
 40
1.0
176
1
  0
VISUALSTYLE
  5
6B
102
{ACAD_REACTORS
330
16
102
}
330
16
100
AcDbVisualStyle
  2
Realistic
 70
8
177
3
291
0
 70
58
 90
2
176
1
 90
2
176
1
 90
0
176
1
 90
2
176
1
 40
0.6
176
1
 40
30.0
176
1
 62
7
420
16777215
176
1
 90
1
176
1
 90
4
176
1
 62
7
176
1
 62
257
176
1
 90
1
176
1
 90
1
176
1
 40
1.0
176
1
 90
8
176
1
 62
7
176
1
 40
1.0
176
1
 90
1
176
1
 90
6
176
1
 90
2
176
1
 62
7
176
1
 90
5
176
1
 90
0
176
1
 90
0
176
1
290
0
176
1
 90
1
176
1
 40
0.0
176
1
 90
0
176
1
290
0
176
1
290
1
176
1
290
1
176
1
290
0
176
1
290
0
176
1
290
0
176
1
290
0
176
1
290
0
176
1
290
0
176
1
 90
50
176
1
 40
0.0
176
1
 40
1.0
176
1
 90
0
176
1
 62
18
420
0
176
1
 90
50
176
1
 90
3
176
1
 62
5
420
255
176
1
290
0
176
1
 90
50
176
1
 90
50
176
1
 90
50
176
1
290
0
176
1
 90
50
176
1
 62
256
176
0
 40
1.0
176
0
 90
2
176
1
  1
strokes_ogs.tif
176
1
290
0
176
1
 40
1.0
176
1
 40
1.0
176
1
  0
VISUALSTYLE
  5
6C
102
{ACAD_REACTORS
330
16
102
}
330
16
100
AcDbVisualStyle
  2
Shaded
 70
27
177
3
291
0
 70
58
 90
2
176
1
 90
2
176
1
 90
0
176
1
 90
2
176
1
 40
0.6
176
1
 40
30.0
176
1
 62
7
420
16777215
176
1
 90
1
176
1
 90
4
176
1
 62
7
176
1
 62
257
176
1
 90
1
176
1
 90
1
176
1
 40
1.0
176
1
 90
8
176
1
 62
7
176
1
 40
1.0
176
1
 90
1
176
1
 90
6
176
1
 90
2
176
1
 62
7
176
1
 90
5
176
1
 90
0
176
1
 90
0
176
1
290
0
176
1
 90
1
176
1
 40
0.0
176
1
 90
0
176
1
290
0
176
1
290
1
176
1
290
1
176
1
290
0
176
1
290
0
176
1
290
0
176
1
290
0
176
1
290
0
176
1
290
0
176
1
 90
50
176
1
 40
0.0
176
1
 40
1.0
176
1
 90
0
176
1
 62
18
420
0
176
1
 90
50
176
1
 90
3
176
1
 62
5
420
255
176
1
290
0
176
1
 90
50
176
1
 90
50
176
1
 90
50
176
1
290
0
176
1
 90
50
176
1
 62
256
176
0
 40
1.0
176
0
 90
2
176
1
  1
strokes_ogs.tif
176
1
290
0
176
1
 40
1.0
176
1
 40
1.0
176
1
  0
VISUALSTYLE
  5
6D
102
{ACAD_REACTORS
330
16
102
}
330
16
100
AcDbVisualStyle
  2
Shaded with edges
 70
26
177
3
291
0
 70
58
 90
2
176
1
 90
2
176
1
 90
0
176
1
 90
2
176
1
 40
0.6
176
1
 40
30.0
176
1
 62
7
420
16777215
176
1
 90
1
176
1
 90
4
176
1
 62
7
176
1
 62
257
176
1
 90
1
176
1
 90
1
176
1
 40
1.0
176
1
 90
8
176
1
 62
7
176
1
 40
1.0
176
1
 90
1
176
1
 90
6
176
1
 90
2
176
1
 62
7
176
1
 90
5
176
1
 90
0
176
1
 90
0
176
1
290
0
176
1
 90
1
176
1
 40
0.0
176
1
 90
0
176
1
290
0
176
1
290
1
176
1
290
1
176
1
290
0
176
1
290
0
176
1
290
0
176
1
290
0
176
1
290
0
176
1
290
0
176
1
 90
50
176
1
 40
0.0
176
1
 40
1.0
176
1
 90
0
176
1
 62
18
420
0
176
1
 90
50
176
1
 90
3
176
1
 62
5
420
255
176
1
290
0
176
1
 90
50
176
1
 90
50
176
1
 90
50
176
1
290
0
176
1
 90
50
176
1
 62
256
176
0
 40
1.0
176
0
 90
2
176
1
  1
strokes_ogs.tif
176
1
290
0
176
1
 40
1.0
176
1
 40
1.0
176
1
  0
VISUALSTYLE
  5
6E
102
{ACAD_REACTORS
330
16
102
}
330
16
100
AcDbVisualStyle
  2
Shades of Gray
 70
23
177
3
291
0
 70
58
 90
2
176
1
 90
2
176
1
 90
0
176
1
 90
2
176
1
 40
0.6
176
1
 40
30.0
176
1
 62
7
420
16777215
176
1
 90
1
176
1
 90
4
176
1
 62
7
176
1
 62
257
176
1
 90
1
176
1
 90
1
176
1
 40
1.0
176
1
 90
8
176
1
 62
7
176
1
 40
1.0
176
1
 90
1
176
1
 90
6
176
1
 90
2
176
1
 62
7
176
1
 90
5
176
1
 90
0
176
1
 90
0
176
1
290
0
176
1
 90
1
176
1
 40
0.0
176
1
 90
0
176
1
290
0
176
1
290
1
176
1
290
1
176
1
290
0
176
1
290
0
176
1
290
0
176
1
290
0
176
1
290
0
176
1
290
0
176
1
 90
50
176
1
 40
0.0
176
1
 40
1.0
176
1
 90
0
176
1
 62
18
420
0
176
1
 90
50
176
1
 90
3
176
1
 62
5
420
255
176
1
290
0
176
1
 90
50
176
1
 90
50
176
1
 90
50
176
1
290
0
176
1
 90
50
176
1
 62
256
176
0
 40
1.0
176
0
 90
2
176
1
  1
strokes_ogs.tif
176
1
290
0
176
1
 40
1.0
176
1
 40
1.0
176
1
  0
VISUALSTYLE
  5
6F
102
{ACAD_REACTORS
330
16
102
}
330
16
100
AcDbVisualStyle
  2
Sketchy
 70
24
177
3
291
0
 70
58
 90
2
176
1
 90
2
176
1
 90
0
176
1
 90
1
176
1
 40
0.6
176
1
 40
30.0
176
1
 62
7
420
16777215
176
1
 90
1
176
1
 90
4
176
1
 62
7
176
1
 62
257
176
1
 90
1
176
1
 90
1
176
1
 40
1.0
176
1
 90
8
176
1
 62
7
176
1
 40
1.0
176
1
 90
1
176
1
 90
6
176
1
 90
2
176
1
 62
7
176
1
 90
5
176
1
 90
0
176
1
 90
0
176
1
290
0
176
1
 90
1
176
1
 40
0.0
176
1
 90
0
176
1
290
0
176
1
290
1
176
1
290
1
176
1
290
0
176
1
290
0
176
1
290
0
176
1
290
0
176
1
290
0
176
1
290
0
176
1
 90
50
176
1
 40
0.0
176
1
 40
1.0
176
1
 90
0
176
1
 62
18
420
0
176
1
 90
50
176
1
 90
3
176
1
 62
5
420
255
176
1
290
0
176
1
 90
50
176
1
 90
50
176
1
 90
50
176
1
290
0
176
1
 90
50
176
1
 62
256
176
0
 40
1.0
176
0
 90
2
176
1
  1
strokes_ogs.tif
176
1
290
0
176
1
 40
1.0
176
1
 40
1.0
176
1
  0
VISUALSTYLE
  5
70
102
{ACAD_REACTORS
330
16
102
}
330
16
100
AcDbVisualStyle
  2
Thicken
 70
13
177
3
291
1
 70
58
 90
2
176
1
 90
2
176
1
 90
0
176
1
 90
2
176
1
 40
0.6
176
1
 40
30.0
176
1
 62
7
420
16777215
176
1
 90
1
176
1
 90
4
176
1
 62
7
176
1
 62
257
176
1
 90
1
176
1
 90
1
176
1
 40
1.0
176
1
 90
8
176
1
 62
7
176
1
 40
1.0
176
1
 90
1
176
1
 90
6
176
1
 90
2
176
1
 62
7
176
1
 90
5
176
1
 90
0
176
1
 90
0
176
1
290
0
176
1
 90
1
176
1
 40
0.0
176
1
 90
0
176
1
290
0
176
1
290
1
176
1
290
1
176
1
290
0
176
1
290
0
176
1
290
0
176
1
290
0
176
1
290
0
176
1
290
0
176
1
 90
50
176
1
 40
0.0
176
1
 40
1.0
176
1
 90
0
176
1
 62
18
420
0
176
1
 90
50
176
1
 90
3
176
1
 62
5
420
255
176
1
290
0
176
1
 90
50
176
1
 90
50
176
1
 90
50
176
1
290
0
176
1
 90
50
176
1
 62
256
176
0
 40
1.0
176
0
 90
2
176
1
  1
strokes_ogs.tif
176
1
290
0
176
1
 40
1.0
176
1
 40
1.0
176
1
  0
VISUALSTYLE
  5
71
102
{ACAD_REACTORS
330
16
102
}
330
16
100
AcDbVisualStyle
  2
Wireframe
 70
5
177
3
291
0
 70
58
 90
2
176
1
 90
2
176
1
 90
0
176
1
 90
0
176
1
 40
0.6
176
1
 40
30.0
176
1
 62
7
420
16777215
176
1
 90
1
176
1
 90
4
176
1
 62
7
176
1
 62
257
176
1
 90
1
176
1
 90
1
176
1
 40
1.0
176
1
 90
8
176
1
 62
7
176
1
 40
1.0
176
1
 90
1
176
1
 90
6
176
1
 90
2
176
1
 62
7
176
1
 90
5
176
1
 90
0
176
1
 90
0
176
1
290
0
176
1
 90
1
176
1
 40
0.0
176
1
 90
0
176
1
290
0
176
1
290
1
176
1
290
1
176
1
290
0
176
1
290
0
176
1
290
0
176
1
290
0
176
1
290
0
176
1
290
0
176
1
 90
50
176
1
 40
0.0
176
1
 40
1.0
176
1
 90
0
176
1
 62
18
420
0
176
1
 90
50
176
1
 90
3
176
1
 62
5
420
255
176
1
290
0
176
1
 90
50
176
1
 90
50
176
1
 90
50
176
1
290
0
176
1
 90
50
176
1
 62
256
176
0
 40
1.0
176
0
 90
2
176
1
  1
strokes_ogs.tif
176
1
290
0
176
1
 40
1.0
176
1
 40
1.0
176
1
  0
VISUALSTYLE
  5
72
102
{ACAD_REACTORS
330
16
102
}
330
16
100
AcDbVisualStyle
  2
X-Ray
 70
25
177
3
291
0
 70
58
 90
2
176
1
 90
2
176
1
 90
0
176
1
 90
2
176
1
 40
0.5
176
1
 40
30.0
176
1
 62
7
420
16777215
176
1
 90
1
176
1
 90
4
176
1
 62
7
176
1
 62
257
176
1
 90
1
176
1
 90
1
176
1
 40
1.0
176
1
 90
8
176
1
 62
7
176
1
 40
1.0
176
1
 90
1
176
1
 90
6
176
1
 90
2
176
1
 62
7
176
1
 90
5
176
1
 90
0
176
1
 90
0
176
1
290
0
176
1
 90
1
176
1
 40
0.0
176
1
 90
0
176
1
290
0
176
1
290
1
176
1
290
1
176
1
290
0
176
1
290
0
176
1
290
0
176
1
290
0
176
1
290
0
176
1
290
0
176
1
 90
50
176
1
 40
0.0
176
1
 40
1.0
176
1
 90
0
176
1
 62
18
420
0
176
1
 90
50
176
1
 90
3
176
1
 62
5
420
255
176
1
290
0
176
1
 90
50
176
1
 90
50
176
1
 90
50
176
1
290
0
176
1
 90
50
176
1
 62
256
176
0
 40
1.0
176
0
 90
2
176
1
  1
strokes_ogs.tif
176
1
290
0
176
1
 40
1.0
176
1
 40
1.0
176
1
  0
DICTIONARYVAR
  5
A7
330
2D
100
DictionaryVariables
280
0
  1
1.4.4 @ 2026-09-10T11:09:27.263152+00:00
  0
ENDSEC
  0
EOF
